frameRate	psychopyVersion	expName	date	eeg_record	stim_set	id	TrialNumber	image	category	subcategory	image_file	repeat	ran	order	break_text.started	break_text.stopped	delay_red_fix.started	delay_red_fix.stopped	jitter	stim_image.started	stim_image.stopped	photosensor_dot.started	photosensor_dot.stopped	trial_red_rix.started	trial_red_rix.stopped	response.keys	response.started	response.stopped	resp	rt	correct	response.rt
99.94942561	3.1.2	sof_task	2020_Feb_03_0953	yes	set7	999	1	natural_045.jpg	scenes	natural	sof_images/scenes/natural_045.jpg	1	1	0	None	None	295.1216	None	123	300.62543	301.12582	300.62543	301.12582	300.11505	None	None	300.62543	None	n/a	-99	1	--
99.94942561	3.1.2	sof_task	2020_Feb_03_0953	yes	set7	999	2	manmade_047.jpg	scenes	manmade	sof_images/scenes/manmade_047.jpg	1	1	1	None	None	None	None	115	302.87698	303.37735	302.87698	303.37735	302.37665	302.3766499	None	302.87698	None	n/a	-99	1	--
99.94942561	3.1.2	sof_task	2020_Feb_03_0953	yes	set7	999	3	neutral_075.jpg	faces	female	sof_images/faces/neutral_075.jpg	1	1	2	None	None	None	None	111	305.0586	305.55896	305.0586	305.55896	304.55817	304.5581737	None	305.0586	None	n/a	-99	1	--
99.94942561	3.1.2	sof_task	2020_Feb_03_0953	yes	set7	999	4	neutral_022.jpg	faces	male	sof_images/faces/neutral_022.jpg	1	1	3	None	None	None	None	126	307.20007	307.70044	307.20007	307.70044	306.6997	306.6997172	None	307.20007	None	n/a	-99	1	--
99.94942561	3.1.2	sof_task	2020_Feb_03_0953	yes	set7	999	5	canadiangoose.jpg	objects	natural	sof_images/objects/canadiangoose.jpg	1	1	4	None	None	None	None	127	309.49164	309.99197	309.49164	309.99197	308.99127	308.9912703	None	309.49164	None	n/a	-99	1	--
99.94942561	3.1.2	sof_task	2020_Feb_03_0953	yes	set7	999	6	canadiangoose.jpg	objects	natural	sof_images/objects/canadiangoose.jpg	2	1	5	None	None	None	None	121	311.77325	312.27362	311.77325	312.27362	311.27286	311.2728615	j	311.77325	None	j	0.6808928	1	0.6808928
99.94942561	3.1.2	sof_task	2020_Feb_03_0953	yes	set7	999	7	neutral_045.jpg	faces	female	sof_images/faces/neutral_045.jpg	1	1	6	None	None	None	None	127	314.00485	314.5051	314.00485	314.5051	313.50436	313.5043498	None	314.00485	None	n/a	-99	1	--
99.94942561	3.1.2	sof_task	2020_Feb_03_0953	yes	set7	999	8	cantaloupe.jpg	objects	natural	sof_images/objects/cantaloupe.jpg	1	1	7	None	None	None	None	134	316.29642	316.79672	316.29642	316.79672	315.7961	315.7961006	None	316.29642	None	n/a	-99	1	--
99.94942561	3.1.2	sof_task	2020_Feb_03_0953	yes	set7	999	9	neutral_025.jpg	faces	female	sof_images/faces/neutral_025.jpg	1	1	8	None	None	None	None	136	318.65802	319.15842	318.65802	319.15842	318.15768	318.1576738	None	318.65802	None	n/a	-99	1	--
99.94942561	3.1.2	sof_task	2020_Feb_03_0953	yes	set7	999	10	hammer.jpg	objects	manmade	sof_images/objects/hammer.jpg	1	1	9	None	None	None	None	111	321.04977	321.5501	321.04977	321.5501	320.54935	320.5493329	None	321.04977	None	n/a	-99	1	--
99.94942561	3.1.2	sof_task	2020_Feb_03_0953	yes	set7	999	11	neutral_083.jpg	faces	female	sof_images/faces/neutral_083.jpg	1	1	10	None	None	None	None	135	323.18124	323.68152	323.18124	323.68152	322.68088	322.6808723	None	323.18124	None	n/a	-99	1	--
99.94942561	3.1.2	sof_task	2020_Feb_03_0953	yes	set7	999	12	neutral_083.jpg	faces	female	sof_images/faces/neutral_083.jpg	2	1	11	None	None	None	None	112	325.55283	326.05325	325.55283	326.05325	325.0525	325.0524877	j	325.55283	None	j	0.871346	1	0.871346
99.94942561	3.1.2	sof_task	2020_Feb_03_0953	yes	set7	999	13	bison.jpg	objects	natural	sof_images/objects/bison.jpg	1	1	12	None	None	None	None	121	327.6943	328.19476	327.6943	328.19476	327.194	327.1939866	None	327.6943	None	n/a	-99	1	--
99.94942561	3.1.2	sof_task	2020_Feb_03_0953	yes	set7	999	14	clover.jpg	objects	natural	sof_images/objects/clover.jpg	1	1	13	None	None	None	None	125	329.9259	330.42636	329.9259	330.42636	329.42557	329.4255533	None	329.9259	None	n/a	-99	1	--
99.94942561	3.1.2	sof_task	2020_Feb_03_0953	yes	set7	999	15	rubikcube.jpg	objects	manmade	sof_images/objects/rubikcube.jpg	1	1	14	None	None	None	None	129	332.18753	332.6878	332.18753	332.6878	331.6871	331.6871108	None	332.18753	None	n/a	-99	1	--
99.94942561	3.1.2	sof_task	2020_Feb_03_0953	yes	set7	999	16	neutral_026.jpg	faces	male	sof_images/faces/neutral_026.jpg	1	1	15	None	None	None	None	126	334.50906	335.00943	334.50906	335.00943	334.00873	334.0087348	None	334.50906	None	n/a	-99	1	--
99.94942561	3.1.2	sof_task	2020_Feb_03_0953	yes	set7	999	17	mug.jpg	objects	manmade	sof_images/objects/mug.jpg	1	1	16	None	None	None	None	140	336.79074	337.29102	336.79074	337.29102	336.29025	336.2902629	None	336.79074	None	n/a	-99	1	--
99.94942561	3.1.2	sof_task	2020_Feb_03_0953	yes	set7	999	18	manmade_036.jpg	scenes	manmade	sof_images/scenes/manmade_036.jpg	1	1	17	None	None	None	None	131	339.21237	339.71274	339.21237	339.71274	338.712	338.7120169	None	339.21237	None	n/a	-99	1	--
99.94942561	3.1.2	sof_task	2020_Feb_03_0953	yes	set7	999	19	manmade_044.jpg	scenes	manmade	sof_images/scenes/manmade_044.jpg	1	1	18	None	None	None	None	122	341.544	342.04443	341.544	342.04443	341.04364	341.0436507	None	341.544	None	n/a	-99	1	--
99.94942561	3.1.2	sof_task	2020_Feb_03_0953	yes	set7	999	20	natural_002.jpg	scenes	natural	sof_images/scenes/natural_002.jpg	1	1	19	None	None	None	None	127	343.79565	344.2959	343.79565	344.2959	343.2953	343.2952946	None	343.79565	None	n/a	-99	1	--
99.94942561	3.1.2	sof_task	2020_Feb_03_0953	yes	set7	999	21	curlingiron.jpg	objects	manmade	sof_images/objects/curlingiron.jpg	1	1	20	None	None	None	None	119	346.09717	346.59753	346.09717	346.59753	345.59683	345.5968229	None	346.09717	None	n/a	-99	1	--
99.94942561	3.1.2	sof_task	2020_Feb_03_0953	yes	set7	999	22	natural_044.jpg	scenes	natural	sof_images/scenes/natural_044.jpg	1	1	21	None	None	None	None	125	348.30872	348.80917	348.30872	348.80917	347.80844	347.8084561	None	348.30872	None	n/a	-99	1	--
99.94942561	3.1.2	sof_task	2020_Feb_03_0953	yes	set7	999	23	natural_012.jpg	scenes	natural	sof_images/scenes/natural_012.jpg	1	1	22	None	None	None	None	134	350.5804	351.08072	350.5804	351.08072	350.07996	350.0799634	None	350.5804	None	n/a	-99	1	--
99.94942561	3.1.2	sof_task	2020_Feb_03_0953	yes	set7	999	24	natural_014.jpg	scenes	natural	sof_images/scenes/natural_014.jpg	1	1	23	None	None	None	None	123	352.94196	353.4423	352.94196	353.4423	352.4416	352.4416032	None	352.94196	None	n/a	-99	1	--
99.94942561	3.1.2	sof_task	2020_Feb_03_0953	yes	set7	999	25	notebook.jpg	objects	manmade	sof_images/objects/notebook.jpg	1	1	24	None	None	None	None	136	355.1936	355.69397	355.1936	355.69397	354.69318	354.6931699	None	355.1936	None	n/a	-99	1	--
99.94942561	3.1.2	sof_task	2020_Feb_03_0953	yes	set7	999	26	neutral_024.jpg	faces	male	sof_images/faces/neutral_024.jpg	1	1	25	None	None	None	None	111	357.57513	358.07562	357.57513	358.07562	357.07492	357.0749107	None	357.57513	None	n/a	-99	1	--
99.94942561	3.1.2	sof_task	2020_Feb_03_0953	yes	set7	999	27	killerwhale.jpg	objects	natural	sof_images/objects/killerwhale.jpg	1	1	26	None	None	None	None	134	359.70667	360.20703	359.70667	360.20703	359.20633	359.2063295	None	359.70667	None	n/a	-99	1	--
99.94942561	3.1.2	sof_task	2020_Feb_03_0953	yes	set7	999	28	natural_021.jpg	scenes	natural	sof_images/scenes/natural_021.jpg	1	1	27	None	None	None	None	124	362.07834	362.5787	362.07834	362.5787	361.57797	361.5779778	None	362.07834	None	n/a	-99	1	--
99.94942561	3.1.2	sof_task	2020_Feb_03_0953	yes	set7	999	29	natural_030.jpg	scenes	natural	sof_images/scenes/natural_030.jpg	1	1	28	None	None	None	None	126	364.3399	364.84036	364.3399	364.84036	363.83957	363.8395628	None	364.3399	None	n/a	-99	1	--
99.94942561	3.1.2	sof_task	2020_Feb_03_0953	yes	set7	999	30	manmade_039.jpg	scenes	manmade	sof_images/scenes/manmade_039.jpg	1	1	29	None	None	None	None	140	366.6315	367.13187	366.6315	367.13187	366.13123	366.1312163	None	366.6315	None	n/a	-99	1	--
99.94942561	3.1.2	sof_task	2020_Feb_03_0953	yes	set7	999	31	dresser.jpg	objects	manmade	sof_images/objects/dresser.jpg	1	1	30	None	None	None	None	129	369.0633	369.56366	369.0633	369.56366	368.56287	368.5628597	None	369.0633	None	n/a	-99	1	--
99.94942561	3.1.2	sof_task	2020_Feb_03_0953	yes	set7	999	32	manmade_004.jpg	scenes	manmade	sof_images/scenes/manmade_004.jpg	1	1	31	None	None	None	None	116	371.37482	371.87515	371.37482	371.87515	370.87448	370.8744825	None	371.37482	None	n/a	-99	1	--
99.94942561	3.1.2	sof_task	2020_Feb_03_0953	yes	set7	999	33	natural_041.jpg	scenes	natural	sof_images/scenes/natural_041.jpg	1	1	32	None	None	None	None	126	373.5564	374.0567	373.5564	374.0567	373.056	373.0560041	None	373.5564	None	n/a	-99	1	--
99.94942561	3.1.2	sof_task	2020_Feb_03_0953	yes	set7	999	34	manmade_038.jpg	scenes	manmade	sof_images/scenes/manmade_038.jpg	1	1	33	None	None	None	None	121	375.838	376.3383	375.838	376.3383	375.33768	375.3376818	None	375.838	None	n/a	-99	1	--
99.94942561	3.1.2	sof_task	2020_Feb_03_0953	yes	set7	999	35	manmade_038.jpg	scenes	manmade	sof_images/scenes/manmade_038.jpg	2	1	34	None	None	None	None	137	378.06958	378.56985	378.06958	378.56985	377.5692	377.5692174	j	378.06958	None	j	0.8665526	1	0.8665526
99.94942561	3.1.2	sof_task	2020_Feb_03_0953	yes	set7	999	36	heron.jpg	objects	natural	sof_images/objects/heron.jpg	1	1	35	None	None	None	None	117	380.46115	380.96152	380.46115	380.96152	379.96082	379.9608068	None	380.46115	None	n/a	-99	1	--
99.94942561	3.1.2	sof_task	2020_Feb_03_0953	yes	set7	999	37	natural_017.jpg	scenes	natural	sof_images/scenes/natural_017.jpg	1	1	36	None	None	None	None	122	382.66272	383.16312	382.66272	383.16312	382.16235	382.162357	None	382.66272	None	n/a	-99	1	--
99.94942561	3.1.2	sof_task	2020_Feb_03_0953	yes	set7	999	38	neutral_030.jpg	faces	male	sof_images/faces/neutral_030.jpg	1	1	37	None	None	None	None	140	384.90427	385.40463	384.90427	385.40463	384.40393	384.4039307	None	384.90427	None	n/a	-99	1	--
99.94942561	3.1.2	sof_task	2020_Feb_03_0953	yes	set7	999	39	falcon.jpg	objects	natural	sof_images/objects/falcon.jpg	1	1	38	None	None	None	None	131	387.32605	387.8264	387.32605	387.8264	386.8256	386.8255807	None	387.32605	None	n/a	-99	1	--
99.94942561	3.1.2	sof_task	2020_Feb_03_0953	yes	set7	999	40	punchingbag.jpg	objects	manmade	sof_images/objects/punchingbag.jpg	1	1	39	None	None	None	None	134	389.6576	390.15796	389.6576	390.15796	389.15726	389.1572509	None	389.6576	None	n/a	-99	1	--
99.94942561	3.1.2	sof_task	2020_Feb_03_0953	yes	set7	999	41	manmade_015.jpg	scenes	manmade	sof_images/scenes/manmade_015.jpg	1	1	40	None	None	None	None	131	392.02924	392.52966	392.02924	392.52966	391.5289	391.528894	None	392.02924	None	n/a	-99	1	--
99.94942561	3.1.2	sof_task	2020_Feb_03_0953	yes	set7	999	42	manmade_015.jpg	scenes	manmade	sof_images/scenes/manmade_015.jpg	2	1	41	None	None	None	None	111	394.35095	394.8513	394.35095	394.8513	393.85052	393.8505189	j	394.35095	None	j	0.9702495	1	0.9702495
99.94942561	3.1.2	sof_task	2020_Feb_03_0953	yes	set7	999	43	neutral_008.jpg	faces	male	sof_images/faces/neutral_008.jpg	1	1	42	None	None	None	None	115	396.47235	396.9727	396.47235	396.9727	395.97214	395.9721372	None	396.47235	None	n/a	-99	1	--
99.94942561	3.1.2	sof_task	2020_Feb_03_0953	yes	set7	999	44	natural_048.jpg	scenes	natural	sof_images/scenes/natural_048.jpg	1	1	43	None	None	None	None	132	398.64395	399.1443	398.64395	399.1443	398.14352	398.1435244	None	398.64395	None	n/a	-99	1	--
99.94942561	3.1.2	sof_task	2020_Feb_03_0953	yes	set7	999	45	anise.jpg	objects	natural	sof_images/objects/anise.jpg	1	1	44	None	None	None	None	120	400.9955	401.49588	400.9955	401.49588	400.49515	400.4951604	None	400.9955	None	n/a	-99	1	--
99.94942561	3.1.2	sof_task	2020_Feb_03_0953	yes	set7	999	46	neutral_063.jpg	faces	male	sof_images/faces/neutral_063.jpg	1	1	45	None	None	None	None	114	403.22705	403.72742	403.22705	403.72742	402.7267	402.7267187	None	403.22705	None	n/a	-99	1	--
99.94942561	3.1.2	sof_task	2020_Feb_03_0953	yes	set7	999	47	spoon.jpg	objects	manmade	sof_images/objects/spoon.jpg	1	1	46	None	None	None	None	121	405.39856	405.89893	405.39856	405.89893	404.89825	404.8982527	None	405.39856	None	n/a	-99	1	--
99.94942561	3.1.2	sof_task	2020_Feb_03_0953	yes	set7	999	48	cork.jpg	objects	manmade	sof_images/objects/cork.jpg	1	1	47	None	None	None	None	113	407.62024	408.12054	407.62024	408.12054	407.11978	407.1197826	None	407.62024	None	n/a	-99	1	--
99.94942561	3.1.2	sof_task	2020_Feb_03_0953	yes	set7	999	49	neutral_054.jpg	faces	female	sof_images/faces/neutral_054.jpg	1	1	48	None	None	None	None	124	409.78165	410.28198	409.78165	410.28198	409.2814	409.281395	None	409.78165	None	n/a	-99	1	--
99.94942561	3.1.2	sof_task	2020_Feb_03_0953	yes	set7	999	50	neutral_084.jpg	faces	female	sof_images/faces/neutral_084.jpg	1	1	49	None	None	None	None	110	412.0432	412.54367	412.0432	412.54367	411.54288	411.5428717	j	412.0432	None	j	1.246007	0	1.246007
99.94942561	3.1.2	sof_task	2020_Feb_03_0953	yes	set7	999	51	neutral_041.jpg	faces	male	sof_images/faces/neutral_041.jpg	1	1	50	None	None	None	None	122	414.1648	414.66507	414.1648	414.66507	413.6644	413.6644068	None	414.1648	None	n/a	-99	1	--
99.94942561	3.1.2	sof_task	2020_Feb_03_0953	yes	set7	999	52	paintbrush.jpg	objects	manmade	sof_images/objects/paintbrush.jpg	1	1	51	None	None	None	None	128	416.40634	416.90662	416.40634	416.90662	415.90607	415.9060631	None	416.40634	None	n/a	-99	1	--
99.94942561	3.1.2	sof_task	2020_Feb_03_0953	yes	set7	999	53	neutral_044.jpg	faces	female	sof_images/faces/neutral_044.jpg	1	1	52	None	None	None	None	136	418.70786	419.20822	418.70786	419.20822	418.20752	418.2075187	None	418.70786	None	n/a	-99	1	--
99.94942561	3.1.2	sof_task	2020_Feb_03_0953	yes	set7	999	54	neutral_013.jpg	faces	female	sof_images/faces/neutral_013.jpg	1	1	53	None	None	None	None	139	421.09955	421.59988	421.09955	421.59988	420.59924	420.5992512	None	421.09955	None	n/a	-99	1	--
99.94942561	3.1.2	sof_task	2020_Feb_03_0953	yes	set7	999	55	neutral_069.jpg	faces	male	sof_images/faces/neutral_069.jpg	1	1	54	None	None	None	None	118	423.51126	424.01157	423.51126	424.01157	423.0109	423.0108972	None	423.51126	None	n/a	-99	1	--
99.94942561	3.1.2	sof_task	2020_Feb_03_0953	yes	set7	999	56	key.jpg	objects	manmade	sof_images/objects/key.jpg	1	1	55	None	None	None	None	134	425.70276	426.20312	425.70276	426.20312	425.2024	425.2024065	None	425.70276	None	n/a	-99	1	--
99.94942561	3.1.2	sof_task	2020_Feb_03_0953	yes	set7	999	57	neutral_071.jpg	faces	female	sof_images/faces/neutral_071.jpg	1	1	56	None	None	None	None	138	428.06445	428.56476	428.06445	428.56476	427.56412	427.5641074	None	428.06445	None	n/a	-99	1	--
99.94942561	3.1.2	sof_task	2020_Feb_03_0953	yes	set7	999	58	cactusfruit.jpg	objects	natural	sof_images/objects/cactusfruit.jpg	1	1	57	None	None	None	None	127	430.4761	430.97644	430.4761	430.97644	429.97574	429.9757473	None	430.4761	None	n/a	-99	1	--
99.94942561	3.1.2	sof_task	2020_Feb_03_0953	yes	set7	999	59	neutral_086.jpg	faces	female	sof_images/faces/neutral_086.jpg	1	1	58	None	None	None	None	121	432.77768	433.27805	432.77768	433.27805	432.27734	432.2773497	None	432.77768	None	n/a	-99	1	--
99.94942561	3.1.2	sof_task	2020_Feb_03_0953	yes	set7	999	60	arugula.jpg	objects	natural	sof_images/objects/arugula.jpg	1	1	59	None	None	None	None	127	435.00934	435.5096	435.00934	435.5096	434.5089	434.5089052	None	435.00934	None	n/a	-99	1	--
99.94942561	3.1.2	sof_task	2020_Feb_03_0953	yes	set7	999	61	natural_026.jpg	scenes	natural	sof_images/scenes/natural_026.jpg	1	1	60	None	None	None	None	138	437.32086	437.8213	437.32086	437.8213	436.82056	436.8205516	None	437.32086	None	n/a	-99	1	--
99.94942561	3.1.2	sof_task	2020_Feb_03_0953	yes	set7	999	62	natural_026.jpg	scenes	natural	sof_images/scenes/natural_026.jpg	2	1	61	None	None	None	None	119	439.72253	440.2229	439.72253	440.2229	439.2223	439.22229	j	439.72253	None	j	0.7816614	1	0.7816614
99.94942561	3.1.2	sof_task	2020_Feb_03_0953	yes	set7	999	63	minifridge.jpg	objects	manmade	sof_images/objects/minifridge.jpg	1	1	62	None	None	None	None	118	441.94418	442.4445	441.94418	442.4445	441.44376	441.4437423	None	441.94418	None	n/a	-99	1	--
99.94942561	3.1.2	sof_task	2020_Feb_03_0953	yes	set7	999	64	natural_028.jpg	scenes	natural	sof_images/scenes/natural_028.jpg	1	1	63	None	None	None	None	117	444.14578	444.646	444.14578	444.646	443.64536	443.6453642	None	444.14578	None	n/a	-99	1	--
99.94942561	3.1.2	sof_task	2020_Feb_03_0953	yes	set7	999	65	chipmunk.jpg	objects	natural	sof_images/objects/chipmunk.jpg	1	1	64	None	None	None	None	115	446.34717	446.84753	446.34717	446.84753	445.84683	445.8468239	None	446.34717	None	n/a	-99	1	--
99.94942561	3.1.2	sof_task	2020_Feb_03_0953	yes	set7	999	66	manmade_002.jpg	scenes	manmade	sof_images/scenes/manmade_002.jpg	1	1	65	None	None	None	None	127	448.52878	449.02902	448.52878	449.02902	448.0284	448.0284028	None	448.52878	None	n/a	-99	1	--
99.94942561	3.1.2	sof_task	2020_Feb_03_0953	yes	set7	999	67	natural_016.jpg	scenes	natural	sof_images/scenes/natural_016.jpg	1	1	66	None	None	None	None	115	450.82037	451.32065	450.82037	451.32065	450.3199	450.3198891	None	450.82037	None	n/a	-99	1	--
99.94942561	3.1.2	sof_task	2020_Feb_03_0953	yes	set7	999	68	neutral_064.jpg	faces	female	sof_images/faces/neutral_064.jpg	1	1	67	None	None	None	None	112	452.99182	453.4921	452.99182	453.4921	452.49146	452.4914668	None	452.99182	None	n/a	-99	1	--
99.94942561	3.1.2	sof_task	2020_Feb_03_0953	yes	set7	999	69	neutral_064.jpg	faces	female	sof_images/faces/neutral_064.jpg	2	1	68	None	None	None	None	137	455.1233	455.62366	455.1233	455.62366	454.62296	454.6229495	j	455.1233	None	j	0.6217756	1	0.6217756
99.94942561	3.1.2	sof_task	2020_Feb_03_0953	yes	set7	999	70	manmade_008.jpg	scenes	manmade	sof_images/scenes/manmade_008.jpg	1	1	69	None	None	None	None	113	457.515	458.01532	457.515	458.01532	457.01462	457.0146186	None	457.515	None	n/a	-99	1	--
99.94942561	3.1.2	sof_task	2020_Feb_03_0953	yes	set7	999	71	endive.jpg	objects	natural	sof_images/objects/endive.jpg	1	1	70	None	None	None	None	116	459.65646	460.1568	459.65646	460.1568	459.15613	459.1561224	None	459.65646	None	n/a	-99	1	--
99.94942561	3.1.2	sof_task	2020_Feb_03_0953	yes	set7	999	72	endive.jpg	objects	natural	sof_images/objects/endive.jpg	2	1	71	None	None	None	None	132	461.83798	462.3384	461.83798	462.3384	461.33762	461.3376307	j	461.83798	None	j	1.1662495	1	1.1662495
99.94942561	3.1.2	sof_task	2020_Feb_03_0953	yes	set7	999	73	neutral_006.jpg	faces	female	sof_images/faces/neutral_006.jpg	1	1	72	None	None	None	None	126	464.17972	464.68005	464.17972	464.68005	463.6793	463.67928	None	464.17972	None	n/a	-99	1	--
99.94942561	3.1.2	sof_task	2020_Feb_03_0953	yes	set7	999	74	manmade_042.jpg	scenes	manmade	sof_images/scenes/manmade_042.jpg	1	1	73	None	None	None	None	136	466.46127	466.96155	466.46127	466.96155	465.96088	465.9608638	None	466.46127	None	n/a	-99	1	--
99.94942561	3.1.2	sof_task	2020_Feb_03_0953	yes	set7	999	75	neutral_082.jpg	faces	male	sof_images/faces/neutral_082.jpg	1	1	74	None	None	None	None	127	468.84296	469.34332	468.84296	469.34332	468.3426	468.342591	None	468.84296	None	n/a	-99	1	--
99.94942561	3.1.2	sof_task	2020_Feb_03_0953	yes	set7	999	76	neutral_015.jpg	faces	female	sof_images/faces/neutral_015.jpg	1	1	75	None	None	None	None	127	471.1446	471.6448	471.1446	471.6448	470.64413	470.644137	None	471.1446	None	n/a	-99	1	--
99.94942561	3.1.2	sof_task	2020_Feb_03_0953	yes	set7	999	77	manmade_048.jpg	scenes	manmade	sof_images/scenes/manmade_048.jpg	1	1	76	None	None	None	None	116	473.4462	473.94644	473.4462	473.94644	472.9458	472.9457863	None	473.4462	None	n/a	-99	1	--
99.94942561	3.1.2	sof_task	2020_Feb_03_0953	yes	set7	999	78	brusselssprout.jpg	objects	natural	sof_images/objects/brusselssprout.jpg	1	1	77	None	None	None	None	121	475.62762	476.12796	475.62762	476.12796	475.12726	475.127273	None	475.62762	None	n/a	-99	1	--
99.94942561	3.1.2	sof_task	2020_Feb_03_0953	yes	set7	999	79	macaque.jpg	objects	natural	sof_images/objects/macaque.jpg	1	1	78	None	None	None	None	137	477.85916	478.3596	477.85916	478.3596	477.35883	477.3588189	None	477.85916	None	n/a	-99	1	--
99.94942561	3.1.2	sof_task	2020_Feb_03_0953	yes	set7	999	80	manmade_041.jpg	scenes	manmade	sof_images/scenes/manmade_041.jpg	1	1	79	None	None	None	None	121	480.26086	480.7613	480.26086	480.7613	479.7606	479.7605878	None	480.26086	None	n/a	-99	1	--
99.94942561	3.1.2	sof_task	2020_Feb_03_0953	yes	set7	999	81	neutral_070.jpg	faces	female	sof_images/faces/neutral_070.jpg	1	1	80	None	None	None	None	125	482.4925	482.99277	482.4925	482.99277	481.9921	481.9920862	None	482.4925	None	n/a	-99	1	--
99.94942561	3.1.2	sof_task	2020_Feb_03_0953	yes	set7	999	82	neutral_077.jpg	faces	female	sof_images/faces/neutral_077.jpg	1	1	81	None	None	None	None	129	484.754	485.25433	484.754	485.25433	484.25363	484.2536386	None	484.754	None	n/a	-99	1	--
99.94942561	3.1.2	sof_task	2020_Feb_03_0953	yes	set7	999	83	chessknight.jpg	objects	manmade	sof_images/objects/chessknight.jpg	1	1	82	None	None	None	None	130	487.07565	487.57605	487.07565	487.57605	486.57526	486.5752527	None	487.07565	None	n/a	-99	1	--
99.94942561	3.1.2	sof_task	2020_Feb_03_0953	yes	set7	999	84	neutral_023.jpg	faces	female	sof_images/faces/neutral_023.jpg	1	1	83	None	None	None	None	120	489.3973	489.89758	489.3973	489.89758	488.8969	488.8969099	None	489.3973	None	n/a	-99	1	--
99.94942561	3.1.2	sof_task	2020_Feb_03_0953	yes	set7	999	85	neutral_016.jpg	faces	male	sof_images/faces/neutral_016.jpg	1	1	84	None	None	None	None	115	491.62878	492.12915	491.62878	492.12915	491.12845	491.1284416	None	491.62878	None	n/a	-99	1	--
99.94942561	3.1.2	sof_task	2020_Feb_03_0953	yes	set7	999	86	shoelace.jpg	objects	manmade	sof_images/objects/shoelace.jpg	1	1	85	None	None	None	None	136	493.79028	494.2907	493.79028	494.2907	493.28995	493.2899398	None	493.79028	None	n/a	-99	1	--
99.94942561	3.1.2	sof_task	2020_Feb_03_0953	yes	set7	999	87	natural_007.jpg	scenes	natural	sof_images/scenes/natural_007.jpg	1	1	86	None	None	None	None	125	496.18204	496.6824	496.18204	496.6824	495.6816	495.6816166	None	496.18204	None	n/a	-99	1	--
99.94942561	3.1.2	sof_task	2020_Feb_03_0953	yes	set7	999	88	neutral_079.jpg	faces	female	sof_images/faces/neutral_079.jpg	1	1	87	None	None	None	None	119	498.46356	498.96402	498.46356	498.96402	497.9632	497.9632056	None	498.46356	None	n/a	-99	1	--
99.94942561	3.1.2	sof_task	2020_Feb_03_0953	yes	set7	999	89	rockinghorse.jpg	objects	manmade	sof_images/objects/rockinghorse.jpg	1	1	88	None	None	None	None	126	500.67517	501.17554	500.67517	501.17554	500.17474	500.1747507	None	500.67517	None	n/a	-99	1	--
99.94942561	3.1.2	sof_task	2020_Feb_03_0953	yes	set7	999	90	hanger.jpg	objects	manmade	sof_images/objects/hanger.jpg	1	1	89	None	None	None	None	121	502.95676	503.45712	502.95676	503.45712	502.45636	502.456362	None	502.95676	None	n/a	-99	1	--
99.94942561	3.1.2	sof_task	2020_Feb_03_0953	yes	set7	999	91	natural_009.jpg	scenes	natural	sof_images/scenes/natural_009.jpg	1	1	90	None	None	None	None	120	505.18826	505.6886	505.18826	505.6886	504.6879	504.6879074	None	505.18826	None	n/a	-99	1	--
99.94942561	3.1.2	sof_task	2020_Feb_03_0953	yes	set7	999	92	fern.jpg	objects	natural	sof_images/objects/fern.jpg	1	1	91	None	None	None	None	116	507.40988	507.91016	507.40988	507.91016	506.90945	506.9094612	None	507.40988	None	n/a	-99	1	--
99.94942561	3.1.2	sof_task	2020_Feb_03_0953	yes	set7	999	93	neutral_002.jpg	faces	female	sof_images/faces/neutral_002.jpg	1	1	92	None	None	None	None	130	509.5914	510.09177	509.5914	510.09177	509.091	509.0909977	None	509.5914	None	n/a	-99	1	--
99.94942561	3.1.2	sof_task	2020_Feb_03_0953	yes	set7	999	94	neutral_068.jpg	faces	female	sof_images/faces/neutral_068.jpg	1	1	93	None	None	None	None	123	511.91293	512.41327	511.91293	512.41327	511.4126	511.4125985	None	511.91293	None	n/a	-99	1	--
99.94942561	3.1.2	sof_task	2020_Feb_03_0953	yes	set7	999	95	natural_019.jpg	scenes	natural	sof_images/scenes/natural_019.jpg	1	1	94	None	None	None	None	137	514.16455	514.66486	514.16455	514.66486	513.66425	513.6642522	None	514.16455	None	n/a	-99	1	--
99.94942561	3.1.2	sof_task	2020_Feb_03_0953	yes	set7	999	96	natural_031.jpg	scenes	natural	sof_images/scenes/natural_031.jpg	1	1	95	None	None	None	None	129	516.5563	517.0565	516.5563	517.0565	516.05585	516.0558654	None	516.5563	None	n/a	-99	1	--
99.94942561	3.1.2	sof_task	2020_Feb_03_0953	yes	set7	999	97	envelope.jpg	objects	manmade	sof_images/objects/envelope.jpg	1	1	96	None	None	None	None	123	518.8778	519.3782	518.8778	519.3782	518.37744	518.3774558	None	518.8778	None	n/a	-99	1	--
99.94942561	3.1.2	sof_task	2020_Feb_03_0953	yes	set7	999	98	envelope.jpg	objects	manmade	sof_images/objects/envelope.jpg	2	1	97	None	None	None	None	121	521.1195	521.61975	521.1195	521.61975	520.619	520.6190293	j	521.1195	None	j	0.7475864	1	0.7475864
99.94942561	3.1.2	sof_task	2020_Feb_03_0953	yes	set7	999	99	neutral_028.jpg	faces	male	sof_images/faces/neutral_028.jpg	1	1	98	None	None	None	None	125	523.36096	523.8614	523.36096	523.8614	522.8606	522.8605916	None	523.36096	None	n/a	-99	1	--
99.94942561	3.1.2	sof_task	2020_Feb_03_0953	yes	set7	999	100	neutral_047.jpg	faces	male	sof_images/faces/neutral_047.jpg	1	1	99	None	None	None	None	138	525.6425	526.1429	525.6425	526.1429	525.1423	525.142282	None	525.6425	None	n/a	-99	1	--
99.94942561	3.1.2	sof_task	2020_Feb_03_0953	yes	set7	999	101	fishskeleton.jpg	objects	natural	sof_images/objects/fishskeleton.jpg	1	1	100	None	None	None	None	125	528.04425	528.5446	528.04425	528.5446	527.5439	527.5438606	None	528.04425	None	n/a	-99	1	--
99.94942561	3.1.2	sof_task	2020_Feb_03_0953	yes	set7	999	102	fishskeleton.jpg	objects	natural	sof_images/objects/fishskeleton.jpg	2	1	101	None	None	None	None	121	530.3058	530.80615	530.3058	530.80615	529.8055	529.805461	j	530.3058	None	j	0.8013544	1	0.8013544
99.94942561	3.1.2	sof_task	2020_Feb_03_0953	yes	set7	999	103	manmade_040.jpg	scenes	manmade	sof_images/scenes/manmade_040.jpg	1	1	102	None	None	None	None	120	532.5474	533.0477	532.5474	533.0477	532.04706	532.0470455	None	532.5474	None	n/a	-99	1	--
99.94942561	3.1.2	sof_task	2020_Feb_03_0953	yes	set7	999	104	neutral_078.jpg	faces	male	sof_images/faces/neutral_078.jpg	1	1	103	None	None	None	None	128	534.7689	535.26935	534.7689	535.26935	534.26855	534.2685666	None	534.7689	None	n/a	-99	1	--
99.94942561	3.1.2	sof_task	2020_Feb_03_0953	yes	set7	999	105	leaf.jpg	objects	natural	sof_images/objects/leaf.jpg	1	1	104	None	None	None	None	129	537.0805	537.58093	537.0805	537.58093	536.5802	536.5801879	None	537.0805	None	n/a	-99	1	--
99.94942561	3.1.2	sof_task	2020_Feb_03_0953	yes	set7	999	106	bluejay.jpg	objects	natural	sof_images/objects/bluejay.jpg	1	1	105	None	None	None	None	117	539.39215	539.8925	539.39215	539.8925	538.8918	538.8918004	None	539.39215	None	n/a	-99	1	--
99.94942561	3.1.2	sof_task	2020_Feb_03_0953	yes	set7	999	107	neutral_095.jpg	faces	female	sof_images/faces/neutral_095.jpg	1	1	106	None	None	None	None	133	541.57367	542.0741	541.57367	542.0741	541.0733	541.0733074	None	541.57367	None	n/a	-99	1	--
99.94942561	3.1.2	sof_task	2020_Feb_03_0953	yes	set7	999	108	neutral_095.jpg	faces	female	sof_images/faces/neutral_095.jpg	2	1	107	None	None	None	None	134	543.92535	544.4257	543.92535	544.4257	543.425	543.4249694	j	543.92535	None	j	0.8096245	1	0.8096245
99.94942561	3.1.2	sof_task	2020_Feb_03_0953	yes	set7	999	109	scissors.jpg	objects	manmade	sof_images/objects/scissors.jpg	1	1	108	None	None	None	None	132	546.297	546.79736	546.297	546.79736	545.79663	545.7966456	None	546.297	None	n/a	-99	1	--
99.94942561	3.1.2	sof_task	2020_Feb_03_0953	yes	set7	999	110	neutral_033.jpg	faces	male	sof_images/faces/neutral_033.jpg	1	1	109	None	None	None	None	119	548.6486	549.1489	548.6486	549.1489	548.1483	548.1483179	None	548.6486	None	n/a	-99	1	--
99.94942561	3.1.2	sof_task	2020_Feb_03_0953	yes	set7	999	111	manmade_030.jpg	scenes	manmade	sof_images/scenes/manmade_030.jpg	1	1	110	None	None	None	None	121	550.86017	551.36053	550.86017	551.36053	550.3598	550.3597981	None	550.86017	None	n/a	-99	1	--
99.94942561	3.1.2	sof_task	2020_Feb_03_0953	yes	set7	999	112	cherrytomato.jpg	objects	natural	sof_images/objects/cherrytomato.jpg	1	1	111	None	None	None	None	111	553.1018	553.6021	553.1018	553.6021	552.6014	552.6013815	None	553.1018	None	n/a	-99	1	--
99.94942561	3.1.2	sof_task	2020_Feb_03_0953	yes	set7	999	113	neutral_017.jpg	faces	male	sof_images/faces/neutral_017.jpg	1	1	112	None	None	None	None	114	555.2232	555.7235	555.2232	555.7235	554.72284	554.7228447	None	555.2232	None	n/a	-99	1	--
99.94942561	3.1.2	sof_task	2020_Feb_03_0953	yes	set7	999	114	neutral_017.jpg	faces	male	sof_images/faces/neutral_017.jpg	2	1	113	None	None	None	None	133	557.38477	557.8851	557.38477	557.8851	556.88446	556.8844311	j	557.38477	None	j	0.7714622	1	0.7714622
99.94942561	3.1.2	sof_task	2020_Feb_03_0953	yes	set7	999	115	manmade_006.jpg	scenes	manmade	sof_images/scenes/manmade_006.jpg	1	1	114	None	None	None	None	112	559.74646	560.24677	559.74646	560.24677	559.246	559.2459937	None	559.74646	None	n/a	-99	1	--
99.94942561	3.1.2	sof_task	2020_Feb_03_0953	yes	set7	999	116	americangoldfinch.jpg	objects	natural	sof_images/objects/americangoldfinch.jpg	1	1	115	None	None	None	None	124	561.8878	562.3882	561.8878	562.3882	561.3875	561.3875138	None	561.8878	None	n/a	-99	1	--
99.94942561	3.1.2	sof_task	2020_Feb_03_0953	yes	set7	999	117	neutral_096.jpg	faces	male	sof_images/faces/neutral_096.jpg	1	1	116	None	None	None	None	121	564.15955	564.65985	564.15955	564.65985	563.65906	563.6590704	None	564.15955	None	n/a	-99	1	--
99.94942561	3.1.2	sof_task	2020_Feb_03_0953	yes	set7	999	118	neutral_096.jpg	faces	male	sof_images/faces/neutral_096.jpg	2	1	117	None	None	None	None	125	566.391	566.8915	566.391	566.8915	565.8906	565.8906393	j	566.391	None	j	0.7722228	1	0.7722228
99.94942561	3.1.2	sof_task	2020_Feb_03_0953	yes	set7	999	119	clownfish.jpg	objects	natural	sof_images/objects/clownfish.jpg	1	1	118	None	None	None	None	115	568.6626	569.1629	568.6626	569.1629	568.16223	568.1622242	None	568.6626	None	n/a	-99	1	--
99.94942561	3.1.2	sof_task	2020_Feb_03_0953	yes	set7	999	120	manmade_046.jpg	scenes	manmade	sof_images/scenes/manmade_046.jpg	1	1	119	None	None	None	None	116	570.8241	571.3245	570.8241	571.3245	570.3237	570.3237214	None	570.8241	None	n/a	-99	1	--
99.94942561	3.1.2	sof_task	2020_Feb_03_0953	yes	set7	999	121	manmade_014.jpg	scenes	manmade	sof_images/scenes/manmade_014.jpg	1	1	120	None	None	None	None	110	573.0057	573.50604	573.0057	573.50604	572.50525	572.5052537	None	573.0057	None	n/a	-99	1	--
99.94942561	3.1.2	sof_task	2020_Feb_03_0953	yes	set7	999	122	neutral_018.jpg	faces	female	sof_images/faces/neutral_018.jpg	1	1	121	None	None	None	None	131	575.1271	575.6275	575.1271	575.6275	574.6268	574.6267405	None	575.1271	None	n/a	-99	1	--
99.94942561	3.1.2	sof_task	2020_Feb_03_0953	yes	set7	999	123	natural_004.jpg	scenes	natural	sof_images/scenes/natural_004.jpg	1	1	122	None	None	None	None	133	577.45874	577.95905	577.45874	577.95905	576.9584	576.9583686	None	577.45874	None	n/a	-99	1	--
99.94942561	3.1.2	sof_task	2020_Feb_03_0953	yes	set7	999	124	natural_004.jpg	scenes	natural	sof_images/scenes/natural_004.jpg	2	1	123	None	None	None	None	127	579.81036	580.3108	579.81036	580.3108	579.31	579.310013	None	579.81036	None	n/a	-99	0	--
99.94942561	3.1.2	sof_task	2020_Feb_03_0953	yes	set7	999	125	manmade_013.jpg	scenes	manmade	sof_images/scenes/manmade_013.jpg	1	1	124	None	None	None	None	133	582.11194	582.61237	582.11194	582.61237	581.61163	581.6116147	None	582.11194	None	n/a	-99	1	--
99.94942561	3.1.2	sof_task	2020_Feb_03_0953	yes	set7	999	126	neutral_074.jpg	faces	male	sof_images/faces/neutral_074.jpg	1	1	125	None	None	None	None	138	584.4536	584.9539	584.4536	584.9539	583.9534	583.9534172	None	584.4536	None	n/a	-99	1	--
99.94942561	3.1.2	sof_task	2020_Feb_03_0953	yes	set7	999	127	neutral_074.jpg	faces	male	sof_images/faces/neutral_074.jpg	2	1	126	None	None	None	None	122	586.85535	587.35565	586.85535	587.35565	586.3549	586.3549249	j	586.85535	None	j	0.7239397	1	0.7239397
99.94942561	3.1.2	sof_task	2020_Feb_03_0953	yes	set7	999	128	patiochair.jpg	objects	manmade	sof_images/objects/patiochair.jpg	1	1	127	None	None	None	None	130	589.09686	589.5972	589.09686	589.5972	588.59656	588.5965771	None	589.09686	None	n/a	-99	1	--
99.94942561	3.1.2	sof_task	2020_Feb_03_0953	yes	set7	999	129	neutral_090.jpg	faces	female	sof_images/faces/neutral_090.jpg	1	1	128	None	None	None	None	130	591.42847	591.92883	591.42847	591.92883	590.9281	590.9281207	None	591.42847	None	n/a	-99	1	--
99.94942561	3.1.2	sof_task	2020_Feb_03_0953	yes	set7	999	130	neutral_066.jpg	faces	male	sof_images/faces/neutral_066.jpg	1	1	129	None	None	None	None	139	593.74005	594.24054	593.74005	594.24054	593.2398	593.2398107	None	593.74005	None	n/a	-99	1	--
99.94942561	3.1.2	sof_task	2020_Feb_03_0953	yes	set7	999	131	manmade_032.jpg	scenes	manmade	sof_images/scenes/manmade_032.jpg	1	1	130	None	None	None	None	127	596.16174	596.6622	596.16174	596.6622	595.6615	595.66151	None	596.16174	None	n/a	-99	1	--
99.94942561	3.1.2	sof_task	2020_Feb_03_0953	yes	set7	999	132	manmade_009.jpg	scenes	manmade	sof_images/scenes/manmade_009.jpg	1	1	131	None	None	None	None	140	598.4634	598.96375	598.4634	598.96375	597.963	597.9630397	None	598.4634	None	n/a	-99	1	--
99.94942561	3.1.2	sof_task	2020_Feb_03_0953	yes	set7	999	133	manmade_009.jpg	scenes	manmade	sof_images/scenes/manmade_009.jpg	2	1	132	None	None	None	None	120	600.88513	601.38544	600.88513	601.38544	600.38477	600.384766	j	600.88513	None	j	0.8628956	1	0.8628956
99.94942561	3.1.2	sof_task	2020_Feb_03_0953	yes	set7	999	134	manmade_010.jpg	scenes	manmade	sof_images/scenes/manmade_010.jpg	1	1	133	None	None	None	None	110	603.11664	603.61707	603.11664	603.61707	602.61633	602.6163279	None	603.11664	None	n/a	-99	1	--
99.94942561	3.1.2	sof_task	2020_Feb_03_0953	yes	set7	999	135	neutral_032.jpg	faces	male	sof_images/faces/neutral_032.jpg	1	1	134	None	None	None	None	126	605.2381	605.73846	605.2381	605.73846	604.7378	604.737767	None	605.2381	None	n/a	-99	1	--
99.94942561	3.1.2	sof_task	2020_Feb_03_0953	yes	set7	999	136	natural_020.jpg	scenes	natural	sof_images/scenes/natural_020.jpg	1	1	135	None	None	None	None	125	607.5298	608.0301	607.5298	608.0301	607.02936	607.0293538	None	607.5298	None	n/a	-99	1	--
99.94942561	3.1.2	sof_task	2020_Feb_03_0953	yes	set7	999	137	manmade_011.jpg	scenes	manmade	sof_images/scenes/manmade_011.jpg	1	1	136	None	None	None	None	111	609.8114	610.31165	609.8114	610.31165	609.311	609.3109506	None	609.8114	None	n/a	-99	1	--
99.94942561	3.1.2	sof_task	2020_Feb_03_0953	yes	set7	999	138	neutral_043.jpg	faces	male	sof_images/faces/neutral_043.jpg	1	1	137	None	None	None	None	122	611.9428	612.44324	611.9428	612.44324	611.44244	611.4424354	None	611.9428	None	n/a	-99	1	--
99.94942561	3.1.2	sof_task	2020_Feb_03_0953	yes	set7	999	139	lawnmowertractor.jpg	objects	manmade	sof_images/objects/lawnmowertractor.jpg	1	1	138	None	None	None	None	134	614.1743	614.6747	614.1743	614.6747	613.674	613.6739965	None	614.1743	None	n/a	-99	1	--
99.94942561	3.1.2	sof_task	2020_Feb_03_0953	yes	set7	999	140	lawnmowertractor.jpg	objects	manmade	sof_images/objects/lawnmowertractor.jpg	2	1	139	None	None	None	None	138	616.5361	617.0363	616.5361	617.0363	616.0357	616.0357301	j	616.5361	None	j	0.8799353	1	0.8799353
99.94942561	3.1.2	sof_task	2020_Feb_03_0953	yes	set7	999	141	natural_023.jpg	scenes	natural	sof_images/scenes/natural_023.jpg	1	1	140	None	None	None	None	139	618.9477	619.4481	618.9477	619.4481	618.4474	618.4474169	None	618.9477	None	n/a	-99	1	--
99.94942561	3.1.2	sof_task	2020_Feb_03_0953	yes	set7	999	142	neutral_009.jpg	faces	female	sof_images/faces/neutral_009.jpg	1	1	141	None	None	None	None	125	621.3594	621.85974	621.3594	621.85974	620.859	620.8590118	None	621.3594	None	n/a	-99	1	--
99.94942561	3.1.2	sof_task	2020_Feb_03_0953	yes	set7	999	143	neutral_067.jpg	faces	male	sof_images/faces/neutral_067.jpg	1	1	142	None	None	None	None	123	623.631	624.1314	623.631	624.1314	623.1306	623.1306451	None	623.631	None	n/a	-99	1	--
99.94942561	3.1.2	sof_task	2020_Feb_03_0953	yes	set7	999	144	fryingpan.jpg	objects	manmade	sof_images/objects/fryingpan.jpg	1	1	143	None	None	None	None	125	625.8726	626.3729	625.8726	626.3729	625.3722	625.3721751	None	625.8726	None	n/a	-99	1	--
99.94942561	3.1.2	sof_task	2020_Feb_03_0953	yes	set7	999	145	natural_046.jpg	scenes	natural	sof_images/scenes/natural_046.jpg	1	1	144	None	None	None	None	138	628.1441	628.6444	628.1441	628.6444	627.6438	627.643815	None	628.1441	None	n/a	-99	1	--
99.94942561	3.1.2	sof_task	2020_Feb_03_0953	yes	set7	999	146	manmade_020.jpg	scenes	manmade	sof_images/scenes/manmade_020.jpg	1	1	145	None	None	None	None	125	630.54584	631.0462	630.54584	631.0462	630.0454	630.0454247	None	630.54584	None	n/a	-99	1	--
99.94942561	3.1.2	sof_task	2020_Feb_03_0953	yes	set7	999	147	neutral_048.jpg	faces	male	sof_images/faces/neutral_048.jpg	1	1	146	None	None	None	None	126	632.80743	633.3077	632.80743	633.3077	632.307	632.3070229	None	632.80743	None	n/a	-99	1	--
99.94942561	3.1.2	sof_task	2020_Feb_03_0953	yes	set7	999	148	neutral_089.jpg	faces	male	sof_images/faces/neutral_089.jpg	1	1	147	None	None	None	None	111	635.0889	635.5893	635.0889	635.5893	634.5886	634.5885998	None	635.0889	None	n/a	-99	1	--
99.94942561	3.1.2	sof_task	2020_Feb_03_0953	yes	set7	999	149	fishingrod.jpg	objects	manmade	sof_images/objects/fishingrod.jpg	1	1	148	None	None	None	None	117	637.23047	637.7309	637.23047	637.7309	636.7301	636.7300966	None	637.23047	None	n/a	-99	1	--
99.94942561	3.1.2	sof_task	2020_Feb_03_0953	yes	set7	999	150	fishingrod.jpg	objects	manmade	sof_images/objects/fishingrod.jpg	2	1	149	None	None	None	None	120	639.42206	639.9223	639.42206	639.9223	638.92163	638.9216262	j	639.42206	None	j	0.8680474	1	0.8680474
99.94942561	3.1.2	sof_task	2020_Feb_03_0953	yes	set7	999	151	manmade_035.jpg	scenes	manmade	sof_images/scenes/manmade_035.jpg	1	1	150	None	None	None	None	130	641.6435	642.14386	641.6435	642.14386	641.1432	641.1432025	None	641.6435	None	n/a	-99	1	--
99.94942561	3.1.2	sof_task	2020_Feb_03_0953	yes	set7	999	152	blackolive.jpg	objects	natural	sof_images/objects/blackolive.jpg	1	1	151	None	None	None	None	139	643.95514	644.4555	643.95514	644.4555	643.4549	643.4548862	None	643.95514	None	n/a	-99	1	--
99.94942561	3.1.2	sof_task	2020_Feb_03_0953	yes	set7	999	153	natural_025.jpg	scenes	natural	sof_images/scenes/natural_025.jpg	1	1	152	None	None	None	None	127	646.37683	646.87726	646.37683	646.87726	645.87646	645.8764816	None	646.37683	None	n/a	-99	1	--
99.94942561	3.1.2	sof_task	2020_Feb_03_0953	yes	set7	999	154	natural_025.jpg	scenes	natural	sof_images/scenes/natural_025.jpg	2	1	153	None	None	None	None	117	648.6685	649.16876	648.6685	649.16876	648.1681	648.1680725	j	648.6685	None	j	0.8475031	1	0.8475031
99.94942561	3.1.2	sof_task	2020_Feb_03_0953	yes	set7	999	155	natural_035.jpg	scenes	natural	sof_images/scenes/natural_035.jpg	1	1	154	None	None	None	None	130	650.86005	651.3603	650.86005	651.3603	650.3596	650.3596176	None	650.86005	None	n/a	-99	1	--
99.94942561	3.1.2	sof_task	2020_Feb_03_0953	yes	set7	999	156	pillow.jpg	objects	manmade	sof_images/objects/pillow.jpg	1	1	155	None	None	None	None	111	653.17163	653.672	653.17163	653.672	652.6712	652.6712287	None	653.17163	None	n/a	-99	1	--
99.94942561	3.1.2	sof_task	2020_Feb_03_0953	yes	set7	999	157	craneflower.jpg	objects	natural	sof_images/objects/craneflower.jpg	1	1	156	None	None	None	None	122	655.3131	655.8135	655.3131	655.8135	654.81274	654.8127393	None	655.3131	None	n/a	-99	1	--
99.94942561	3.1.2	sof_task	2020_Feb_03_0953	yes	set7	999	158	cougar.jpg	objects	natural	sof_images/objects/cougar.jpg	1	1	157	None	None	None	None	124	657.56464	658.065	657.56464	658.065	657.0643	657.0642997	None	657.56464	None	n/a	-99	1	--
99.94942561	3.1.2	sof_task	2020_Feb_03_0953	yes	set7	999	159	natural_037.jpg	scenes	natural	sof_images/scenes/natural_037.jpg	1	1	158	None	None	None	None	123	659.8263	660.32666	659.8263	660.32666	659.32587	659.3258794	None	659.8263	None	n/a	-99	1	--
99.94942561	3.1.2	sof_task	2020_Feb_03_0953	yes	set7	999	160	neutral_010.jpg	faces	female	sof_images/faces/neutral_010.jpg	1	1	159	None	None	None	None	132	662.0778	662.57825	662.0778	662.57825	661.57745	661.5774451	None	662.0778	None	n/a	-99	1	--
99.94942561	3.1.2	sof_task	2020_Feb_03_0953	yes	set7	999	161	ceilingfan.jpg	objects	manmade	sof_images/objects/ceilingfan.jpg	1	1	160	None	None	None	None	118	664.42944	664.9298	664.42944	664.9298	663.9291	663.929092	None	664.42944	None	n/a	-99	1	--
99.94942561	3.1.2	sof_task	2020_Feb_03_0953	yes	set7	999	162	neutral_040.jpg	faces	male	sof_images/faces/neutral_040.jpg	1	1	161	None	None	None	None	122	666.62103	667.12134	666.62103	667.12134	666.1206	666.1206168	None	666.62103	None	n/a	-99	1	--
99.94942561	3.1.2	sof_task	2020_Feb_03_0953	yes	set7	999	163	manmade_003.jpg	scenes	manmade	sof_images/scenes/manmade_003.jpg	1	1	162	668.3522603	None	883.4823595	None	127	888.9763	889.47656	888.9763	889.47656	888.4758	None	None	888.9763	None	n/a	-99	1	--
99.94942561	3.1.2	sof_task	2020_Feb_03_0953	yes	set7	999	164	manmade_003.jpg	scenes	manmade	sof_images/scenes/manmade_003.jpg	2	1	163	None	None	None	None	120	891.27783	891.77826	891.27783	891.77826	890.7775	890.7775219	j	891.27783	None	j	0.8082744	1	0.8082744
99.94942561	3.1.2	sof_task	2020_Feb_03_0953	yes	set7	999	165	natural_013.jpg	scenes	natural	sof_images/scenes/natural_013.jpg	1	1	164	None	None	None	None	115	893.4994	893.9997	893.4994	893.9997	892.99896	892.9989887	None	893.4994	None	n/a	-99	1	--
99.94942561	3.1.2	sof_task	2020_Feb_03_0953	yes	set7	999	166	plantpot.jpg	objects	manmade	sof_images/objects/plantpot.jpg	1	1	165	None	None	None	None	125	895.68097	896.1812	895.68097	896.1812	895.18054	895.1805385	None	895.68097	None	n/a	-99	1	--
99.94942561	3.1.2	sof_task	2020_Feb_03_0953	yes	set7	999	167	cheetah.jpg	objects	natural	sof_images/objects/cheetah.jpg	1	1	166	None	None	None	None	131	897.9625	898.4628	897.9625	898.4628	897.46216	897.4621305	None	897.9625	None	n/a	-99	1	--
99.94942561	3.1.2	sof_task	2020_Feb_03_0953	yes	set7	999	168	cormorant.jpg	objects	natural	sof_images/objects/cormorant.jpg	1	1	167	None	None	None	None	120	900.2941	900.79443	900.2941	900.79443	899.7939	899.7938563	None	900.2941	None	n/a	-99	1	--
99.94942561	3.1.2	sof_task	2020_Feb_03_0953	yes	set7	999	169	natural_001.jpg	scenes	natural	sof_images/scenes/natural_001.jpg	1	1	168	None	None	None	None	125	902.50574	903.0061	902.50574	903.0061	902.0053	902.0053306	None	902.50574	None	n/a	-99	1	--
99.94942561	3.1.2	sof_task	2020_Feb_03_0953	yes	set7	999	170	magnifyingglass.jpg	objects	manmade	sof_images/objects/magnifyingglass.jpg	1	1	169	None	None	None	None	110	904.7773	905.27765	904.7773	905.27765	904.2769	904.2768957	None	904.7773	None	n/a	-99	1	--
99.94942561	3.1.2	sof_task	2020_Feb_03_0953	yes	set7	999	171	manmade_023.jpg	scenes	manmade	sof_images/scenes/manmade_023.jpg	1	1	170	None	None	None	None	122	906.9087	907.40906	906.9087	907.40906	906.4084	906.4083927	None	906.9087	None	n/a	-99	1	--
99.94942561	3.1.2	sof_task	2020_Feb_03_0953	yes	set7	999	172	manmade_025.jpg	scenes	manmade	sof_images/scenes/manmade_025.jpg	1	1	171	None	None	None	None	114	909.1404	909.64075	909.1404	909.64075	908.63995	908.6399328	None	909.1404	None	n/a	-99	1	--
99.94942561	3.1.2	sof_task	2020_Feb_03_0953	yes	set7	999	173	natural_024.jpg	scenes	natural	sof_images/scenes/natural_024.jpg	1	1	172	None	None	None	None	127	911.31177	911.81226	911.31177	911.81226	910.81146	910.8114494	None	911.31177	None	n/a	-99	1	--
99.94942561	3.1.2	sof_task	2020_Feb_03_0953	yes	set7	999	174	neutral_059.jpg	faces	male	sof_images/faces/neutral_059.jpg	1	1	173	None	None	None	None	117	913.61346	914.1138	913.61346	914.1138	913.11304	913.1130467	None	913.61346	None	n/a	-99	1	--
99.94942561	3.1.2	sof_task	2020_Feb_03_0953	yes	set7	999	175	manmade_027.jpg	scenes	manmade	sof_images/scenes/manmade_027.jpg	1	1	174	None	None	None	None	120	915.80493	916.3053	915.80493	916.3053	915.3046	915.3046083	None	915.80493	None	n/a	-99	1	--
99.94942561	3.1.2	sof_task	2020_Feb_03_0953	yes	set7	999	176	natural_010.jpg	scenes	natural	sof_images/scenes/natural_010.jpg	1	1	175	None	None	None	None	123	918.02655	918.5269	918.02655	918.5269	917.52625	917.5262164	None	918.02655	None	n/a	-99	1	--
99.94942561	3.1.2	sof_task	2020_Feb_03_0953	yes	set7	999	177	natural_011.jpg	scenes	natural	sof_images/scenes/natural_011.jpg	1	1	176	None	None	None	None	125	920.27814	920.7785	920.27814	920.7785	919.7777	919.7777264	None	920.27814	None	n/a	-99	1	--
99.94942561	3.1.2	sof_task	2020_Feb_03_0953	yes	set7	999	178	neutral_011.jpg	faces	female	sof_images/faces/neutral_011.jpg	1	1	177	None	None	None	None	127	922.5396	923.04	922.5396	923.04	922.0393	922.0392865	None	922.5396	None	n/a	-99	1	--
99.94942561	3.1.2	sof_task	2020_Feb_03_0953	yes	set7	999	179	neutral_011.jpg	faces	female	sof_images/faces/neutral_011.jpg	2	1	178	None	None	None	None	117	924.82117	925.32166	924.82117	925.32166	924.3209	924.3209411	j	924.82117	None	j	0.5930803	1	0.5930803
99.94942561	3.1.2	sof_task	2020_Feb_03_0953	yes	set7	999	180	neutral_072.jpg	faces	male	sof_images/faces/neutral_072.jpg	1	1	179	None	None	None	None	127	927.01276	927.5132	927.01276	927.5132	926.5125	926.5124868	None	927.01276	None	n/a	-99	1	--
99.94942561	3.1.2	sof_task	2020_Feb_03_0953	yes	set7	999	181	neutral_042.jpg	faces	female	sof_images/faces/neutral_042.jpg	1	1	180	None	None	None	None	134	929.3144	929.8147	929.3144	929.8147	928.814	928.814021	None	929.3144	None	n/a	-99	1	--
99.94942561	3.1.2	sof_task	2020_Feb_03_0953	yes	set7	999	182	manmade_019.jpg	scenes	manmade	sof_images/scenes/manmade_019.jpg	1	1	181	None	None	None	None	139	931.676	932.1764	931.676	932.1764	931.17566	931.1756636	None	931.676	None	n/a	-99	1	--
99.94942561	3.1.2	sof_task	2020_Feb_03_0953	yes	set7	999	183	neutral_055.jpg	faces	female	sof_images/faces/neutral_055.jpg	1	1	182	None	None	None	None	119	934.0977	934.59814	934.0977	934.59814	933.5975	933.5974473	None	934.0977	None	n/a	-99	1	--
99.94942561	3.1.2	sof_task	2020_Feb_03_0953	yes	set7	999	184	neutral_062.jpg	faces	female	sof_images/faces/neutral_062.jpg	1	1	183	None	None	None	None	139	936.30927	936.8096	936.30927	936.8096	935.8089	935.8089028	j	936.30927	None	j	1.1508875	0	1.1508875
99.94942561	3.1.2	sof_task	2020_Feb_03_0953	yes	set7	999	185	natural_033.jpg	scenes	natural	sof_images/scenes/natural_033.jpg	1	1	184	None	None	None	None	129	938.7311	939.23145	938.7311	939.23145	938.23065	938.2306396	None	938.7311	None	n/a	-99	1	--
99.94942561	3.1.2	sof_task	2020_Feb_03_0953	yes	set7	999	186	neutral_021.jpg	faces	male	sof_images/faces/neutral_021.jpg	1	1	185	None	None	None	None	115	941.0426	941.5429	941.0426	941.5429	940.5423	940.5423056	None	941.0426	None	n/a	-99	1	--
99.94942561	3.1.2	sof_task	2020_Feb_03_0953	yes	set7	999	187	neutral_052.jpg	faces	female	sof_images/faces/neutral_052.jpg	1	1	186	None	None	None	None	120	943.20404	943.7044	943.20404	943.7044	942.70374	942.7037146	None	943.20404	None	n/a	-99	1	--
99.94942561	3.1.2	sof_task	2020_Feb_03_0953	yes	set7	999	188	manmade_028.jpg	scenes	manmade	sof_images/scenes/manmade_028.jpg	1	1	187	None	None	None	None	117	945.42566	945.926	945.42566	945.926	944.92535	944.925345	None	945.42566	None	n/a	-99	1	--
99.94942561	3.1.2	sof_task	2020_Feb_03_0953	yes	set7	999	189	manmade_028.jpg	scenes	manmade	sof_images/scenes/manmade_028.jpg	2	1	188	None	None	None	None	119	947.6071	948.10754	947.6071	948.10754	947.1069	947.1068823	j	947.6071	None	j	0.7699917	1	0.7699917
99.94942561	3.1.2	sof_task	2020_Feb_03_0953	yes	set7	999	190	manmade_031.jpg	scenes	manmade	sof_images/scenes/manmade_031.jpg	1	1	189	None	None	None	None	140	949.80865	950.309	949.80865	950.309	949.30835	949.3083274	None	949.80865	None	n/a	-99	1	--
99.94942561	3.1.2	sof_task	2020_Feb_03_0953	yes	set7	999	191	manmade_031.jpg	scenes	manmade	sof_images/scenes/manmade_031.jpg	2	1	190	None	None	None	None	120	952.22034	952.72076	952.22034	952.72076	951.72003	951.7200308	j	952.22034	None	j	0.7717441	1	0.7717441
99.94942561	3.1.2	sof_task	2020_Feb_03_0953	yes	set7	999	192	natural_042.jpg	scenes	natural	sof_images/scenes/natural_042.jpg	1	1	191	None	None	None	None	114	954.44196	954.9423	954.44196	954.9423	953.9416	953.94157	None	954.44196	None	n/a	-99	1	--
99.94942561	3.1.2	sof_task	2020_Feb_03_0953	yes	set7	999	193	adjustablewrench.jpg	objects	manmade	sof_images/objects/adjustablewrench.jpg	1	1	192	None	None	None	None	140	956.6134	957.1138	956.6134	957.1138	956.11316	956.1131753	None	956.6134	None	n/a	-99	1	--
99.94942561	3.1.2	sof_task	2020_Feb_03_0953	yes	set7	999	194	apricot.jpg	objects	natural	sof_images/objects/apricot.jpg	1	1	193	None	None	None	None	128	959.0251	959.5256	959.0251	959.5256	958.5248	958.5247611	None	959.0251	None	n/a	-99	1	--
99.94942561	3.1.2	sof_task	2020_Feb_03_0953	yes	set7	999	195	manmade_026.jpg	scenes	manmade	sof_images/scenes/manmade_026.jpg	1	1	194	None	None	None	None	132	961.3268	961.82715	961.3268	961.82715	960.82635	960.8263713	None	961.3268	None	n/a	-99	1	--
99.94942561	3.1.2	sof_task	2020_Feb_03_0953	yes	set7	999	196	manmade_005.jpg	scenes	manmade	sof_images/scenes/manmade_005.jpg	1	1	195	None	None	None	None	116	963.6784	964.1787	963.6784	964.1787	963.17804	963.1780194	None	963.6784	None	n/a	-99	1	--
99.94942561	3.1.2	sof_task	2020_Feb_03_0953	yes	set7	999	197	sandshovel.jpg	objects	manmade	sof_images/objects/sandshovel.jpg	1	1	196	None	None	None	None	111	965.85986	966.36035	965.85986	966.36035	965.3596	965.3596189	None	965.85986	None	n/a	-99	1	--
99.94942561	3.1.2	sof_task	2020_Feb_03_0953	yes	set7	999	198	neutral_020.jpg	faces	male	sof_images/faces/neutral_020.jpg	1	1	197	None	None	None	None	131	967.99146	968.4918	967.99146	968.4918	967.491	967.4910224	None	967.99146	None	n/a	-99	1	--
99.94942561	3.1.2	sof_task	2020_Feb_03_0953	yes	set7	999	199	manmade_001.jpg	scenes	manmade	sof_images/scenes/manmade_001.jpg	1	1	198	None	None	None	None	138	970.33295	970.8334	970.33295	970.8334	969.83264	969.8326554	None	970.33295	None	n/a	-99	1	--
99.94942561	3.1.2	sof_task	2020_Feb_03_0953	yes	set7	999	200	iceskate.jpg	objects	manmade	sof_images/objects/iceskate.jpg	1	1	199	None	None	None	None	131	972.7247	973.22504	972.7247	973.22504	972.22437	972.2243538	None	972.7247	None	n/a	-99	1	--
99.94942561	3.1.2	sof_task	2020_Feb_03_0953	yes	set7	999	201	natural_005.jpg	scenes	natural	sof_images/scenes/natural_005.jpg	1	1	200	None	None	None	None	111	975.0663	975.56665	975.0663	975.56665	974.5659	974.5659371	None	975.0663	None	n/a	-99	1	--
99.94942561	3.1.2	sof_task	2020_Feb_03_0953	yes	set7	999	202	neutral_094.jpg	faces	male	sof_images/faces/neutral_094.jpg	1	1	201	None	None	None	None	129	977.1979	977.69824	977.1979	977.69824	976.69745	976.6974581	None	977.1979	None	n/a	-99	1	--
99.94942561	3.1.2	sof_task	2020_Feb_03_0953	yes	set7	999	203	neutral_034.jpg	faces	female	sof_images/faces/neutral_034.jpg	1	1	202	None	None	None	None	128	979.5094	980.00977	979.5094	980.00977	979.0091	979.0090661	None	979.5094	None	n/a	-99	1	--
99.94942561	3.1.2	sof_task	2020_Feb_03_0953	yes	set7	999	204	broom.jpg	objects	manmade	sof_images/objects/broom.jpg	1	1	203	None	None	None	None	127	981.81104	982.31146	981.81104	982.31146	981.31067	981.3106746	None	981.81104	None	n/a	-99	1	--
99.94942561	3.1.2	sof_task	2020_Feb_03_0953	yes	set7	999	205	bull.jpg	objects	natural	sof_images/objects/bull.jpg	1	1	204	None	None	None	None	127	984.1126	984.61304	984.1126	984.61304	983.61224	983.6122713	None	984.1126	None	n/a	-99	1	--
99.94942561	3.1.2	sof_task	2020_Feb_03_0953	yes	set7	999	206	bull.jpg	objects	natural	sof_images/objects/bull.jpg	2	1	205	None	None	None	None	116	986.40424	986.90454	986.40424	986.90454	985.9039	985.9038715	j	986.40424	None	j	0.8448168	1	0.8448168
99.94942561	3.1.2	sof_task	2020_Feb_03_0953	yes	set7	999	207	canoepaddle.jpg	objects	manmade	sof_images/objects/canoepaddle.jpg	1	1	206	None	None	None	None	112	988.59576	989.0962	988.59576	989.0962	988.0954	988.0953966	None	988.59576	None	n/a	-99	1	--
99.94942561	3.1.2	sof_task	2020_Feb_03_0953	yes	set7	999	208	neutral_081.jpg	faces	female	sof_images/faces/neutral_081.jpg	1	1	207	None	None	None	None	129	990.7474	991.2477	990.7474	991.2477	990.24695	990.2469209	None	990.7474	None	n/a	-99	1	--
99.94942561	3.1.2	sof_task	2020_Feb_03_0953	yes	set7	999	209	neutral_091.jpg	faces	female	sof_images/faces/neutral_091.jpg	1	1	208	None	None	None	None	118	993.05884	993.5592	993.05884	993.5592	992.55853	992.5585477	None	993.05884	None	n/a	-99	1	--
99.94942561	3.1.2	sof_task	2020_Feb_03_0953	yes	set7	999	210	neutral_091.jpg	faces	female	sof_images/faces/neutral_091.jpg	2	1	209	None	None	None	None	139	995.2505	995.7508	995.2505	995.7508	994.75006	994.750043	j	995.2505	None	j	0.8847268	1	0.8847268
99.94942561	3.1.2	sof_task	2020_Feb_03_0953	yes	set7	999	211	americanwhitepelican.jpg	objects	natural	sof_images/objects/americanwhitepelican.jpg	1	1	210	None	None	None	None	130	997.6621	998.1625	997.6621	998.1625	997.16174	997.1617307	None	997.6621	None	n/a	-99	1	--
99.94942561	3.1.2	sof_task	2020_Feb_03_0953	yes	set7	999	212	neutral_014.jpg	faces	female	sof_images/faces/neutral_014.jpg	1	1	211	None	None	None	None	118	999.9937	1000.4941	999.9937	1000.4941	999.49347	999.4934994	None	999.9937	None	n/a	-99	1	--
99.94942561	3.1.2	sof_task	2020_Feb_03_0953	yes	set7	999	213	lunchbag.jpg	objects	manmade	sof_images/objects/lunchbag.jpg	1	1	212	None	None	None	None	122	1002.1953	1002.69556	1002.1953	1002.69556	1001.6949	1001.694866	None	1002.1953	None	n/a	-99	1	--
99.94942561	3.1.2	sof_task	2020_Feb_03_0953	yes	set7	999	214	fennec.jpg	objects	natural	sof_images/objects/fennec.jpg	1	1	213	None	None	None	None	110	1004.4469	1004.94727	1004.4469	1004.94727	1003.9464	1003.946436	None	1004.4469	None	n/a	-99	1	--
99.94942561	3.1.2	sof_task	2020_Feb_03_0953	yes	set7	999	215	fennec.jpg	objects	natural	sof_images/objects/fennec.jpg	2	1	214	None	None	None	None	115	1006.56836	1007.06866	1006.56836	1007.06866	1006.068	1006.067967	j	1006.56836	None	j	0.9266291	1	0.9266291
99.94942561	3.1.2	sof_task	2020_Feb_03_0953	yes	set7	999	216	manmade_043.jpg	scenes	manmade	sof_images/scenes/manmade_043.jpg	1	1	215	None	None	None	None	140	1008.7498	1009.2502	1008.7498	1009.2502	1008.24945	1008.249468	None	1008.7498	None	n/a	-99	1	--
99.94942561	3.1.2	sof_task	2020_Feb_03_0953	yes	set7	999	217	cedarwaxwing.jpg	objects	natural	sof_images/objects/cedarwaxwing.jpg	1	1	216	None	None	None	None	137	1011.1715	1011.6719	1011.1715	1011.6719	1010.67114	1010.671171	None	1011.1715	None	n/a	-99	1	--
99.94942561	3.1.2	sof_task	2020_Feb_03_0953	yes	set7	999	218	natural_036.jpg	scenes	natural	sof_images/scenes/natural_036.jpg	1	1	217	None	None	None	None	122	1013.5632	1014.0636	1013.5632	1014.0636	1013.0628	1013.062801	None	1013.5632	None	n/a	-99	1	--
99.94942561	3.1.2	sof_task	2020_Feb_03_0953	yes	set7	999	219	natural_036.jpg	scenes	natural	sof_images/scenes/natural_036.jpg	2	1	218	None	None	None	None	113	1015.80475	1016.3052	1015.80475	1016.3052	1015.3044	1015.304398	j	1015.80475	None	j	1.0174383	1	1.0174383
99.94942561	3.1.2	sof_task	2020_Feb_03_0953	yes	set7	999	220	artichoke.jpg	objects	natural	sof_images/objects/artichoke.jpg	1	1	219	None	None	None	None	129	1017.95636	1018.4568	1017.95636	1018.4568	1017.45593	1017.455939	None	1017.95636	None	n/a	-99	1	--
99.94942561	3.1.2	sof_task	2020_Feb_03_0953	yes	set7	999	221	manmade_007.jpg	scenes	manmade	sof_images/scenes/manmade_007.jpg	1	1	220	None	None	None	None	116	1020.2779	1020.7783	1020.2779	1020.7783	1019.7775	1019.777541	None	1020.2779	None	n/a	-99	1	--
99.94942561	3.1.2	sof_task	2020_Feb_03_0953	yes	set7	999	222	birdnest.jpg	objects	natural	sof_images/objects/birdnest.jpg	1	1	221	None	None	None	None	110	1022.4594	1022.9598	1022.4594	1022.9598	1021.95905	1021.959046	None	1022.4594	None	n/a	-99	1	--
99.94942561	3.1.2	sof_task	2020_Feb_03_0953	yes	set7	999	223	match.jpg	objects	manmade	sof_images/objects/match.jpg	1	1	222	None	None	None	None	140	1024.5809	1025.0812	1024.5809	1025.0812	1024.0806	1024.080528	None	1024.5809	None	n/a	-99	1	--
99.94942561	3.1.2	sof_task	2020_Feb_03_0953	yes	set7	999	224	neutral_001.jpg	faces	female	sof_images/faces/neutral_001.jpg	1	1	223	None	None	None	None	124	1027.0126	1027.5131	1027.0126	1027.5131	1026.5122	1026.512233	None	1027.0126	None	n/a	-99	1	--
99.94942561	3.1.2	sof_task	2020_Feb_03_0953	yes	set7	999	225	neutral_076.jpg	faces	male	sof_images/faces/neutral_076.jpg	1	1	224	None	None	None	None	122	1029.2742	1029.7745	1029.2742	1029.7745	1028.7738	1028.773772	None	1029.2742	None	n/a	-99	1	--
99.94942561	3.1.2	sof_task	2020_Feb_03_0953	yes	set7	999	226	postalmailbox.jpg	objects	manmade	sof_images/objects/postalmailbox.jpg	1	1	225	None	None	None	None	140	1031.5059	1032.0061	1031.5059	1032.0061	1031.0054	1031.005372	None	1031.5059	None	n/a	-99	1	--
99.94942561	3.1.2	sof_task	2020_Feb_03_0953	yes	set7	999	227	manmade_024.jpg	scenes	manmade	sof_images/scenes/manmade_024.jpg	1	1	226	None	None	None	None	129	1033.9374	1034.4379	1033.9374	1034.4379	1033.4371	1033.437085	None	1033.9374	None	n/a	-99	1	--
99.94942561	3.1.2	sof_task	2020_Feb_03_0953	yes	set7	999	228	natural_029.jpg	scenes	natural	sof_images/scenes/natural_029.jpg	1	1	227	None	None	None	None	126	1036.249	1036.7494	1036.249	1036.7494	1035.7487	1035.748678	None	1036.249	None	n/a	-99	1	--
99.94942561	3.1.2	sof_task	2020_Feb_03_0953	yes	set7	999	229	neutral_049.jpg	faces	male	sof_images/faces/neutral_049.jpg	1	1	228	None	None	None	None	112	1038.5306	1039.031	1038.5306	1039.031	1038.0303	1038.030261	None	1038.5306	None	n/a	-99	1	--
99.94942561	3.1.2	sof_task	2020_Feb_03_0953	yes	set7	999	230	natural_047.jpg	scenes	natural	sof_images/scenes/natural_047.jpg	1	1	229	None	None	None	None	130	1040.6823	1041.1826	1040.6823	1041.1826	1040.1819	1040.181844	None	1040.6823	None	n/a	-99	1	--
99.94942561	3.1.2	sof_task	2020_Feb_03_0953	yes	set7	999	231	natural_047.jpg	scenes	natural	sof_images/scenes/natural_047.jpg	2	1	230	None	None	None	None	111	1043.0038	1043.5042	1043.0038	1043.5042	1042.5034	1042.503409	j	1043.0038	None	j	1.0214053	1	1.0214053
99.94942561	3.1.2	sof_task	2020_Feb_03_0953	yes	set7	999	232	natural_040.jpg	scenes	natural	sof_images/scenes/natural_040.jpg	1	1	231	None	None	None	None	138	1045.1252	1045.6256	1045.1252	1045.6256	1044.6249	1044.624871	None	1045.1252	None	n/a	-99	1	--
99.94942561	3.1.2	sof_task	2020_Feb_03_0953	yes	set7	999	233	caribou01.jpg	objects	natural	sof_images/objects/caribou01.jpg	1	1	232	None	None	None	None	130	1047.5269	1048.0273	1047.5269	1048.0273	1047.0265	1047.026544	None	1047.5269	None	n/a	-99	1	--
99.94942561	3.1.2	sof_task	2020_Feb_03_0953	yes	set7	999	234	neutral_031.jpg	faces	female	sof_images/faces/neutral_031.jpg	1	1	233	None	None	None	None	116	1049.8485	1050.349	1049.8485	1050.349	1049.3481	1049.348201	None	1049.8485	None	n/a	-99	1	--
99.94942561	3.1.2	sof_task	2020_Feb_03_0953	yes	set7	999	235	natural_034.jpg	scenes	natural	sof_images/scenes/natural_034.jpg	1	1	234	None	None	None	None	121	1052.03	1052.5304	1052.03	1052.5304	1051.5297	1051.529687	None	1052.03	None	n/a	-99	1	--
99.94942561	3.1.2	sof_task	2020_Feb_03_0953	yes	set7	999	236	natural_039.jpg	scenes	natural	sof_images/scenes/natural_039.jpg	1	1	235	None	None	None	None	139	1054.2617	1054.762	1054.2617	1054.762	1053.7612	1053.761271	None	1054.2617	None	n/a	-99	1	--
99.94942561	3.1.2	sof_task	2020_Feb_03_0953	yes	set7	999	237	natural_027.jpg	scenes	natural	sof_images/scenes/natural_027.jpg	1	1	236	None	None	None	None	132	1056.6833	1057.1837	1056.6833	1057.1837	1056.183	1056.182946	None	1056.6833	None	n/a	-99	1	--
99.94942561	3.1.2	sof_task	2020_Feb_03_0953	yes	set7	999	238	qtip.jpg	objects	manmade	sof_images/objects/qtip.jpg	1	1	237	None	None	None	None	128	1059.0249	1059.5254	1059.0249	1059.5254	1058.5245	1058.524597	None	1059.0249	None	n/a	-99	1	--
99.94942561	3.1.2	sof_task	2020_Feb_03_0953	yes	set7	999	239	natural_008.jpg	scenes	natural	sof_images/scenes/natural_008.jpg	1	1	238	None	None	None	None	135	1061.3265	1061.8269	1061.3265	1061.8269	1060.8264	1060.826363	None	1061.3265	None	n/a	-99	1	--
99.94942561	3.1.2	sof_task	2020_Feb_03_0953	yes	set7	999	240	natural_008.jpg	scenes	natural	sof_images/scenes/natural_008.jpg	2	1	239	None	None	None	None	118	1063.6882	1064.1886	1063.6882	1064.1886	1063.1879	1063.187853	j	1063.6882	None	j	1.1198041	1	1.1198041
99.94942561	3.1.2	sof_task	2020_Feb_03_0953	yes	set7	999	241	manmade_018.jpg	scenes	manmade	sof_images/scenes/manmade_018.jpg	1	1	240	None	None	None	None	139	1065.8896	1066.3901	1065.8896	1066.3901	1065.3893	1065.389338	None	1065.8896	None	n/a	-99	1	--
99.94942561	3.1.2	sof_task	2020_Feb_03_0953	yes	set7	999	242	neutral_037.jpg	faces	male	sof_images/faces/neutral_037.jpg	1	1	241	None	None	None	None	127	1068.2914	1068.7917	1068.2914	1068.7917	1067.791	1067.791041	None	1068.2914	None	n/a	-99	1	--
99.94942561	3.1.2	sof_task	2020_Feb_03_0953	yes	set7	999	243	mattress.jpg	objects	manmade	sof_images/objects/mattress.jpg	1	1	242	None	None	None	None	139	1070.573	1071.0735	1070.573	1071.0735	1070.0726	1070.072631	None	1070.573	None	n/a	-99	1	--
99.94942561	3.1.2	sof_task	2020_Feb_03_0953	yes	set7	999	244	natural_022.jpg	scenes	natural	sof_images/scenes/natural_022.jpg	1	1	243	None	None	None	None	122	1072.9747	1073.4751	1072.9747	1073.4751	1072.4744	1072.474315	None	1072.9747	None	n/a	-99	1	--
99.94942561	3.1.2	sof_task	2020_Feb_03_0953	yes	set7	999	245	neutral_005.jpg	faces	male	sof_images/faces/neutral_005.jpg	1	1	244	None	None	None	None	127	1075.2062	1075.7065	1075.2062	1075.7065	1074.7059	1074.705883	None	1075.2062	None	n/a	-99	1	--
99.94942561	3.1.2	sof_task	2020_Feb_03_0953	yes	set7	999	246	neutral_051.jpg	faces	male	sof_images/faces/neutral_051.jpg	1	1	245	None	None	None	None	128	1077.4978	1077.9983	1077.4978	1077.9983	1076.9974	1076.997437	None	1077.4978	None	n/a	-99	1	--
99.94942561	3.1.2	sof_task	2020_Feb_03_0953	yes	set7	999	247	neutral_004.jpg	faces	male	sof_images/faces/neutral_004.jpg	1	1	246	None	None	None	None	129	1079.8196	1080.3198	1079.8196	1080.3198	1079.3191	1079.319146	None	1079.8196	None	n/a	-99	1	--
99.94942561	3.1.2	sof_task	2020_Feb_03_0953	yes	set7	999	248	bassethound.jpg	objects	natural	sof_images/objects/bassethound.jpg	1	1	247	None	None	None	None	114	1082.1311	1082.6315	1082.1311	1082.6315	1081.6307	1081.630712	None	1082.1311	None	n/a	-99	1	--
99.94942561	3.1.2	sof_task	2020_Feb_03_0953	yes	set7	999	249	natural_038.jpg	scenes	natural	sof_images/scenes/natural_038.jpg	1	1	248	None	None	None	None	124	1084.2926	1084.7928	1084.2926	1084.7928	1083.7924	1083.792308	None	1084.2926	None	n/a	-99	1	--
99.94942561	3.1.2	sof_task	2020_Feb_03_0953	yes	set7	999	250	neutral_029.jpg	faces	female	sof_images/faces/neutral_029.jpg	1	1	249	None	None	None	None	132	1086.5642	1087.0646	1086.5642	1087.0646	1086.0638	1086.06389	None	1086.5642	None	n/a	-99	1	--
99.94942561	3.1.2	sof_task	2020_Feb_03_0953	yes	set7	999	251	asparagus.jpg	objects	natural	sof_images/objects/asparagus.jpg	1	1	250	None	None	None	None	128	1088.9158	1089.4161	1088.9158	1089.4161	1088.4154	1088.415439	None	1088.9158	None	n/a	-99	1	--
99.94942561	3.1.2	sof_task	2020_Feb_03_0953	yes	set7	999	252	neutral_085.jpg	faces	male	sof_images/faces/neutral_085.jpg	1	1	251	None	None	None	None	111	1091.2074	1091.7078	1091.2074	1091.7078	1090.707	1090.707048	None	1091.2074	None	n/a	-99	1	--
99.94942561	3.1.2	sof_task	2020_Feb_03_0953	yes	set7	999	253	neutral_057.jpg	faces	male	sof_images/faces/neutral_057.jpg	1	1	252	None	None	None	None	123	1093.339	1093.8394	1093.339	1093.8394	1092.8385	1092.838529	None	1093.339	None	n/a	-99	1	--
99.94942561	3.1.2	sof_task	2020_Feb_03_0953	yes	set7	999	254	avocado.jpg	objects	natural	sof_images/objects/avocado.jpg	1	1	253	None	None	None	None	118	1095.5905	1096.0908	1095.5905	1096.0908	1095.0901	1095.090097	None	1095.5905	None	n/a	-99	1	--
99.94942561	3.1.2	sof_task	2020_Feb_03_0953	yes	set7	999	255	manmade_016.jpg	scenes	manmade	sof_images/scenes/manmade_016.jpg	1	1	254	None	None	None	None	140	1097.7921	1098.2925	1097.7921	1098.2925	1097.2916	1097.291635	None	1097.7921	None	n/a	-99	1	--
99.94942561	3.1.2	sof_task	2020_Feb_03_0953	yes	set7	999	256	dice.jpg	objects	manmade	sof_images/objects/dice.jpg	1	1	255	None	None	None	None	128	1100.2137	1100.7141	1100.2137	1100.7141	1099.7134	1099.71341	None	1100.2137	None	n/a	-99	1	--
99.94942561	3.1.2	sof_task	2020_Feb_03_0953	yes	set7	999	257	manmade_022.jpg	scenes	manmade	sof_images/scenes/manmade_022.jpg	1	1	256	None	None	None	None	138	1102.5154	1103.0156	1102.5154	1103.0156	1102.0149	1102.014951	None	1102.5154	None	n/a	-99	1	--
99.94942561	3.1.2	sof_task	2020_Feb_03_0953	yes	set7	999	258	neutral_087.jpg	faces	male	sof_images/faces/neutral_087.jpg	1	1	257	None	None	None	None	125	1104.907	1105.4073	1104.907	1105.4073	1104.4066	1104.406606	None	1104.907	None	n/a	-99	1	--
99.94942561	3.1.2	sof_task	2020_Feb_03_0953	yes	set7	999	259	neutral_087.jpg	faces	male	sof_images/faces/neutral_087.jpg	2	1	258	None	None	None	None	136	1107.1686	1107.669	1107.1686	1107.669	1106.6682	1106.66821	j	1107.1686	None	j	0.7939254	1	0.7939254
99.94942561	3.1.2	sof_task	2020_Feb_03_0953	yes	set7	999	260	manmade_012.jpg	scenes	manmade	sof_images/scenes/manmade_012.jpg	1	1	259	None	None	None	None	126	1109.5403	1110.0405	1109.5403	1110.0405	1109.0398	1109.039839	None	1109.5403	None	n/a	-99	1	--
99.94942561	3.1.2	sof_task	2020_Feb_03_0953	yes	set7	999	261	neutral_060.jpg	faces	female	sof_images/faces/neutral_060.jpg	1	1	260	None	None	None	None	138	1111.8318	1112.3323	1111.8318	1112.3323	1111.3314	1111.33144	None	1111.8318	None	n/a	-99	1	--
99.94942561	3.1.2	sof_task	2020_Feb_03_0953	yes	set7	999	262	neutral_027.jpg	faces	female	sof_images/faces/neutral_027.jpg	1	1	261	None	None	None	None	118	1114.2335	1114.7339	1114.2335	1114.7339	1113.7332	1113.733116	None	1114.2335	None	n/a	-99	1	--
99.94942561	3.1.2	sof_task	2020_Feb_03_0953	yes	set7	999	263	neutral_036.jpg	faces	male	sof_images/faces/neutral_036.jpg	1	1	262	None	None	None	None	138	1116.4451	1116.9454	1116.4451	1116.9454	1115.9447	1115.944747	None	1116.4451	None	n/a	-99	1	--
99.94942561	3.1.2	sof_task	2020_Feb_03_0953	yes	set7	999	264	grasshopper.jpg	objects	natural	sof_images/objects/grasshopper.jpg	1	1	263	None	None	None	None	118	1118.8467	1119.347	1118.8467	1119.347	1118.3463	1118.346333	None	1118.8467	None	n/a	-99	1	--
99.94942561	3.1.2	sof_task	2020_Feb_03_0953	yes	set7	999	265	neutral_065.jpg	faces	male	sof_images/faces/neutral_065.jpg	1	1	264	None	None	None	None	121	1121.0483	1121.5486	1121.0483	1121.5486	1120.5479	1120.547874	None	1121.0483	None	n/a	-99	1	--
99.94942561	3.1.2	sof_task	2020_Feb_03_0953	yes	set7	999	266	cardinal.jpg	objects	natural	sof_images/objects/cardinal.jpg	1	1	265	None	None	None	None	129	1123.2798	1123.7803	1123.2798	1123.7803	1122.7794	1122.779449	None	1123.2798	None	n/a	-99	1	--
99.94942561	3.1.2	sof_task	2020_Feb_03_0953	yes	set7	999	267	neutral_073.jpg	faces	male	sof_images/faces/neutral_073.jpg	1	1	266	None	None	None	None	127	1125.5914	1126.0918	1125.5914	1126.0918	1125.0911	1125.091046	None	1125.5914	None	n/a	-99	1	--
99.94942561	3.1.2	sof_task	2020_Feb_03_0953	yes	set7	999	268	manmade_045.jpg	scenes	manmade	sof_images/scenes/manmade_045.jpg	1	1	267	None	None	None	None	137	1127.883	1128.3834	1127.883	1128.3834	1127.3827	1127.382648	None	1127.883	None	n/a	-99	1	--
99.94942561	3.1.2	sof_task	2020_Feb_03_0953	yes	set7	999	269	neutral_003.jpg	faces	female	sof_images/faces/neutral_003.jpg	1	1	268	None	None	None	None	139	1130.2847	1130.785	1130.2847	1130.785	1129.7844	1129.784374	None	1130.2847	None	n/a	-99	1	--
99.94942561	3.1.2	sof_task	2020_Feb_03_0953	yes	set7	999	270	dandelion.jpg	objects	natural	sof_images/objects/dandelion.jpg	1	1	269	None	None	None	None	124	1132.6963	1133.1967	1132.6963	1133.1967	1132.196	1132.196009	None	1132.6963	None	n/a	-99	1	--
99.94942561	3.1.2	sof_task	2020_Feb_03_0953	yes	set7	999	271	neutral_019.jpg	faces	female	sof_images/faces/neutral_019.jpg	1	1	270	None	None	None	None	113	1134.9579	1135.4583	1134.9579	1135.4583	1134.4575	1134.457561	None	1134.9579	None	n/a	-99	1	--
99.94942561	3.1.2	sof_task	2020_Feb_03_0953	yes	set7	999	272	battery.jpg	objects	manmade	sof_images/objects/battery.jpg	1	1	271	None	None	None	None	110	1137.1095	1137.6099	1137.1095	1137.6099	1136.6091	1136.609101	None	1137.1095	None	n/a	-99	1	--
99.94942561	3.1.2	sof_task	2020_Feb_03_0953	yes	set7	999	273	antlers.jpg	objects	natural	sof_images/objects/antlers.jpg	1	1	272	None	None	None	None	122	1139.231	1139.7312	1139.231	1139.7312	1138.7307	1138.730665	None	1139.231	None	n/a	-99	1	--
99.94942561	3.1.2	sof_task	2020_Feb_03_0953	yes	set7	999	274	armchair.jpg	objects	manmade	sof_images/objects/armchair.jpg	1	1	273	None	None	None	None	120	1141.4725	1141.9728	1141.4725	1141.9728	1140.9722	1140.972135	None	1141.4725	None	n/a	-99	1	--
99.94942561	3.1.2	sof_task	2020_Feb_03_0953	yes	set7	999	275	armchair.jpg	objects	manmade	sof_images/objects/armchair.jpg	2	1	274	None	None	None	None	118	1143.6941	1144.1945	1143.6941	1144.1945	1143.1937	1143.19374	j	1143.6941	None	j	1.1131428	1	1.1131428
99.94942561	3.1.2	sof_task	2020_Feb_03_0953	yes	set7	999	276	natural_032.jpg	scenes	natural	sof_images/scenes/natural_032.jpg	1	1	275	None	None	None	None	116	1145.8955	1146.3959	1145.8955	1146.3959	1145.3953	1145.395222	None	1145.8955	None	n/a	-99	1	--
99.94942561	3.1.2	sof_task	2020_Feb_03_0953	yes	set7	999	277	natural_015.jpg	scenes	natural	sof_images/scenes/natural_015.jpg	1	1	276	None	None	None	None	132	1148.0771	1148.5775	1148.0771	1148.5775	1147.5768	1147.576744	None	1148.0771	None	n/a	-99	1	--
99.94942561	3.1.2	sof_task	2020_Feb_03_0953	yes	set7	999	278	manmade_017.jpg	scenes	manmade	sof_images/scenes/manmade_017.jpg	1	1	277	None	None	None	None	139	1150.4287	1150.9292	1150.4287	1150.9292	1149.9283	1149.928396	None	1150.4287	None	n/a	-99	1	--
99.94942561	3.1.2	sof_task	2020_Feb_03_0953	yes	set7	999	279	neutral_038.jpg	faces	male	sof_images/faces/neutral_038.jpg	1	1	278	None	None	None	None	120	1152.8405	1153.3408	1152.8405	1153.3408	1152.3401	1152.340078	None	1152.8405	None	n/a	-99	1	--
99.94942561	3.1.2	sof_task	2020_Feb_03_0953	yes	set7	999	280	neutral_058.jpg	faces	female	sof_images/faces/neutral_058.jpg	1	1	279	None	None	None	None	131	1155.062	1155.5623	1155.062	1155.5623	1154.5616	1154.561621	None	1155.062	None	n/a	-99	1	--
99.94942561	3.1.2	sof_task	2020_Feb_03_0953	yes	set7	999	281	neutral_035.jpg	faces	female	sof_images/faces/neutral_035.jpg	1	1	280	None	None	None	None	122	1157.3936	1157.894	1157.3936	1157.894	1156.8933	1156.893337	j	1157.3936	None	j	1.0527226	0	1.0527226
99.94942561	3.1.2	sof_task	2020_Feb_03_0953	yes	set7	999	282	plunger.jpg	objects	manmade	sof_images/objects/plunger.jpg	1	1	281	None	None	None	None	117	1159.6252	1160.1255	1159.6252	1160.1255	1159.1248	1159.124812	None	1159.6252	None	n/a	-99	1	--
99.94942561	3.1.2	sof_task	2020_Feb_03_0953	yes	set7	999	283	neutral_093.jpg	faces	male	sof_images/faces/neutral_093.jpg	1	1	282	None	None	None	None	115	1161.8066	1162.3071	1161.8066	1162.3071	1161.3063	1161.306332	None	1161.8066	None	n/a	-99	1	--
99.94942561	3.1.2	sof_task	2020_Feb_03_0953	yes	set7	999	284	neutral_093.jpg	faces	male	sof_images/faces/neutral_093.jpg	2	1	283	None	None	None	None	136	1163.9781	1164.4786	1163.9781	1164.4786	1163.4779	1163.477853	j	1163.9781	None	j	0.690936	1	0.690936
99.94942561	3.1.2	sof_task	2020_Feb_03_0953	yes	set7	999	285	jaguar.jpg	objects	natural	sof_images/objects/jaguar.jpg	1	1	284	None	None	None	None	134	1166.3599	1166.8602	1166.3599	1166.8602	1165.8595	1165.859522	None	1166.3599	None	n/a	-99	1	--
99.94942561	3.1.2	sof_task	2020_Feb_03_0953	yes	set7	999	286	neutral_046.jpg	faces	male	sof_images/faces/neutral_046.jpg	1	1	285	None	None	None	None	115	1168.7216	1169.2218	1168.7216	1169.2218	1168.2212	1168.221153	None	1168.7216	None	n/a	-99	1	--
99.94942561	3.1.2	sof_task	2020_Feb_03_0953	yes	set7	999	287	neutral_046.jpg	faces	male	sof_images/faces/neutral_046.jpg	2	1	286	None	None	None	None	139	1170.8931	1171.3934	1170.8931	1171.3934	1170.3927	1170.392671	j	1170.8931	None	j	0.6953767	1	0.6953767
99.94942561	3.1.2	sof_task	2020_Feb_03_0953	yes	set7	999	288	motoroilbottle.jpg	objects	manmade	sof_images/objects/motoroilbottle.jpg	1	1	287	None	None	None	None	123	1173.3148	1173.8152	1173.3148	1173.8152	1172.8143	1172.814372	None	1173.3148	None	n/a	-99	1	--
99.94942561	3.1.2	sof_task	2020_Feb_03_0953	yes	set7	999	289	motoroilbottle.jpg	objects	manmade	sof_images/objects/motoroilbottle.jpg	2	1	288	None	None	None	None	140	1175.5563	1176.0566	1175.5563	1176.0566	1175.0559	1175.055921	j	1175.5563	None	j	0.7658881	1	0.7658881
99.94942561	3.1.2	sof_task	2020_Feb_03_0953	yes	set7	999	290	neutral_056.jpg	faces	female	sof_images/faces/neutral_056.jpg	1	1	289	None	None	None	None	134	1177.978	1178.4784	1177.978	1178.4784	1177.4777	1177.477603	None	1177.978	None	n/a	-99	1	--
99.94942561	3.1.2	sof_task	2020_Feb_03_0953	yes	set7	999	291	neutral_012.jpg	faces	male	sof_images/faces/neutral_012.jpg	1	1	290	None	None	None	None	110	1180.3496	1180.85	1180.3496	1180.85	1179.8494	1179.849327	None	1180.3496	None	n/a	-99	1	--
99.94942561	3.1.2	sof_task	2020_Feb_03_0953	yes	set7	999	292	neutral_092.jpg	faces	female	sof_images/faces/neutral_092.jpg	1	1	291	None	None	None	None	136	1182.4811	1182.9814	1182.4811	1182.9814	1181.9807	1181.980769	None	1182.4811	None	n/a	-99	1	--
99.94942561	3.1.2	sof_task	2020_Feb_03_0953	yes	set7	999	293	manmade_021.jpg	scenes	manmade	sof_images/scenes/manmade_021.jpg	1	1	292	None	None	None	None	112	1184.8628	1185.3632	1184.8628	1185.3632	1184.3624	1184.362427	None	1184.8628	None	n/a	-99	1	--
99.94942561	3.1.2	sof_task	2020_Feb_03_0953	yes	set7	999	294	dalmatian.jpg	objects	natural	sof_images/objects/dalmatian.jpg	1	1	293	None	None	None	None	118	1187.0143	1187.5146	1187.0143	1187.5146	1186.5139	1186.513922	None	1187.0143	None	n/a	-99	1	--
99.94942561	3.1.2	sof_task	2020_Feb_03_0953	yes	set7	999	295	manmade_037.jpg	scenes	manmade	sof_images/scenes/manmade_037.jpg	1	1	294	None	None	None	None	116	1189.2158	1189.7162	1189.2158	1189.7162	1188.7155	1188.715464	None	1189.2158	None	n/a	-99	1	--
99.94942561	3.1.2	sof_task	2020_Feb_03_0953	yes	set7	999	296	neutral_053.jpg	faces	female	sof_images/faces/neutral_053.jpg	1	1	295	None	None	None	None	139	1191.3973	1191.8977	1191.3973	1191.8977	1190.8971	1190.897039	None	1191.3973	None	n/a	-99	1	--
99.94942561	3.1.2	sof_task	2020_Feb_03_0953	yes	set7	999	297	neutral_039.jpg	faces	male	sof_images/faces/neutral_039.jpg	1	1	296	None	None	None	None	110	1193.8091	1194.3093	1193.8091	1194.3093	1193.3087	1193.308668	None	1193.8091	None	n/a	-99	1	--
99.94942561	3.1.2	sof_task	2020_Feb_03_0953	yes	set7	999	298	comb.jpg	objects	manmade	sof_images/objects/comb.jpg	1	1	297	None	None	None	None	136	1195.9305	1196.4309	1195.9305	1196.4309	1195.4302	1195.430154	None	1195.9305	None	n/a	-99	1	--
99.94942561	3.1.2	sof_task	2020_Feb_03_0953	yes	set7	999	299	dinosaurskull.jpg	objects	natural	sof_images/objects/dinosaurskull.jpg	1	1	298	None	None	None	None	123	1198.3123	1198.8126	1198.3123	1198.8126	1197.8119	1197.811908	None	1198.3123	None	n/a	-99	1	--
99.94942561	3.1.2	sof_task	2020_Feb_03_0953	yes	set7	999	300	manmade_033.jpg	scenes	manmade	sof_images/scenes/manmade_033.jpg	1	1	299	None	None	None	None	140	1200.5638	1201.0641	1200.5638	1201.0641	1200.0634	1200.063391	None	1200.5638	None	n/a	-99	1	--
99.94942561	3.1.2	sof_task	2020_Feb_03_0953	yes	set7	999	301	neutral_007.jpg	faces	female	sof_images/faces/neutral_007.jpg	1	1	300	None	None	None	None	115	1202.9955	1203.4957	1202.9955	1203.4957	1202.4951	1202.495087	None	1202.9955	None	n/a	-99	1	--
99.94942561	3.1.2	sof_task	2020_Feb_03_0953	yes	set7	999	302	neutral_007.jpg	faces	female	sof_images/faces/neutral_007.jpg	2	1	301	None	None	None	None	110	1205.157	1205.6573	1205.157	1205.6573	1204.6566	1204.656599	j	1205.157	None	j	0.7252074	1	0.7252074
99.94942561	3.1.2	sof_task	2020_Feb_03_0953	yes	set7	999	303	scrubbingbrush.jpg	objects	manmade	sof_images/objects/scrubbingbrush.jpg	1	1	302	None	None	None	None	119	1207.2784	1207.7789	1207.2784	1207.7789	1206.7781	1206.778036	None	1207.2784	None	n/a	-99	1	--
99.94942561	3.1.2	sof_task	2020_Feb_03_0953	yes	set7	999	304	neutral_080.jpg	faces	male	sof_images/faces/neutral_080.jpg	1	1	303	None	None	None	None	134	1209.5	1210.0004	1209.5	1210.0004	1208.9996	1208.999652	None	1209.5	None	n/a	-99	1	--
99.94942561	3.1.2	sof_task	2020_Feb_03_0953	yes	set7	999	305	badger.jpg	objects	natural	sof_images/objects/badger.jpg	1	1	304	None	None	None	None	130	1211.8616	1212.3619	1211.8616	1212.3619	1211.3613	1211.361276	None	1211.8616	None	n/a	-99	1	--
99.94942561	3.1.2	sof_task	2020_Feb_03_0953	yes	set7	999	306	natural_006.jpg	scenes	natural	sof_images/scenes/natural_006.jpg	1	1	305	None	None	None	None	137	1214.1833	1214.6836	1214.1833	1214.6836	1213.683	1213.682951	None	1214.1833	None	n/a	-99	1	--
99.94942561	3.1.2	sof_task	2020_Feb_03_0953	yes	set7	999	307	coffeebean.jpg	objects	natural	sof_images/objects/coffeebean.jpg	1	1	306	None	None	None	None	124	1216.575	1217.0752	1216.575	1217.0752	1216.0746	1216.07457	None	1216.575	None	n/a	-99	1	--
99.94942561	3.1.2	sof_task	2020_Feb_03_0953	yes	set7	999	308	barbecuelighter.jpg	objects	manmade	sof_images/objects/barbecuelighter.jpg	1	1	307	None	None	None	None	129	1218.8265	1219.3268	1218.8265	1219.3268	1218.3262	1218.326136	None	1218.8265	None	n/a	-99	1	--
99.94942561	3.1.2	sof_task	2020_Feb_03_0953	yes	set7	999	309	pencilsharpener.jpg	objects	manmade	sof_images/objects/pencilsharpener.jpg	1	1	308	None	None	None	None	138	1221.1482	1221.6484	1221.1482	1221.6484	1220.6478	1220.647815	None	1221.1482	None	n/a	-99	1	--
99.94942561	3.1.2	sof_task	2020_Feb_03_0953	yes	set7	999	310	natural_018.jpg	scenes	natural	sof_images/scenes/natural_018.jpg	1	1	309	None	None	None	None	117	1223.5698	1224.0702	1223.5698	1224.0702	1223.0695	1223.069508	None	1223.5698	None	n/a	-99	1	--
99.94942561	3.1.2	sof_task	2020_Feb_03_0953	yes	set7	999	311	natural_003.jpg	scenes	natural	sof_images/scenes/natural_003.jpg	1	1	310	None	None	None	None	114	1225.7614	1226.2617	1225.7614	1226.2617	1225.2611	1225.261069	None	1225.7614	None	n/a	-99	1	--
99.94942561	3.1.2	sof_task	2020_Feb_03_0953	yes	set7	999	312	beehive.jpg	objects	natural	sof_images/objects/beehive.jpg	1	1	311	None	None	None	None	119	1227.9329	1228.4332	1227.9329	1228.4332	1227.4325	1227.432529	None	1227.9329	None	n/a	-99	1	--
99.94942561	3.1.2	sof_task	2020_Feb_03_0953	yes	set7	999	313	beehive.jpg	objects	natural	sof_images/objects/beehive.jpg	2	1	312	None	None	None	None	124	1230.1444	1230.6449	1230.1444	1230.6449	1229.644	1229.644084	j	1230.1444	None	j	0.9628752	1	0.9628752
99.94942561	3.1.2	sof_task	2020_Feb_03_0953	yes	set7	999	314	papertowel.jpg	objects	manmade	sof_images/objects/papertowel.jpg	1	1	313	None	None	None	None	121	1232.416	1232.9163	1232.416	1232.9163	1231.9156	1231.91568	None	1232.416	None	n/a	-99	1	--
99.94942561	3.1.2	sof_task	2020_Feb_03_0953	yes	set7	999	315	papertowel.jpg	objects	manmade	sof_images/objects/papertowel.jpg	2	1	314	None	None	None	None	135	1234.6376	1235.138	1234.6376	1235.138	1234.1372	1234.137176	j	1234.6376	None	j	0.7866251	1	0.7866251
99.94942561	3.1.2	sof_task	2020_Feb_03_0953	yes	set7	999	316	natural_043.jpg	scenes	natural	sof_images/scenes/natural_043.jpg	1	1	315	None	None	None	None	114	1237.0093	1237.5096	1237.0093	1237.5096	1236.5088	1236.50885	None	1237.0093	None	n/a	-99	1	--
99.94942561	3.1.2	sof_task	2020_Feb_03_0953	yes	set7	999	317	manmade_034.jpg	scenes	manmade	sof_images/scenes/manmade_034.jpg	1	1	316	None	None	None	None	129	1239.1807	1239.681	1239.1807	1239.681	1238.6803	1238.680343	None	1239.1807	None	n/a	-99	1	--
99.94942561	3.1.2	sof_task	2020_Feb_03_0953	yes	set7	999	318	neutral_061.jpg	faces	female	sof_images/faces/neutral_061.jpg	1	1	317	None	None	None	None	123	1241.4924	1241.9928	1241.4924	1241.9928	1240.992	1240.991941	None	1241.4924	None	n/a	-99	1	--
99.94942561	3.1.2	sof_task	2020_Feb_03_0953	yes	set7	999	319	neutral_050.jpg	faces	female	sof_images/faces/neutral_050.jpg	1	1	318	None	None	None	None	130	1243.744	1244.2443	1243.744	1244.2443	1243.2435	1243.243533	None	1243.744	None	n/a	-99	1	--
99.94942561	3.1.2	sof_task	2020_Feb_03_0953	yes	set7	999	320	manmade_029.jpg	scenes	manmade	sof_images/scenes/manmade_029.jpg	1	1	319	None	None	None	None	113	1246.0656	1246.5658	1246.0656	1246.5658	1245.5653	1245.565248	None	1246.0656	None	n/a	-99	1	--
99.94942561	3.1.2	sof_task	2020_Feb_03_0953	yes	set7	999	321	neutral_088.jpg	faces	male	sof_images/faces/neutral_088.jpg	1	1	320	None	None	None	None	140	1248.207	1248.7074	1248.207	1248.7074	1247.7067	1247.706647	None	1248.207	None	n/a	-99	1	--
99.94942561	3.1.2	sof_task	2020_Feb_03_0953	yes	set7	999	322	buffaloskull.jpg	objects	natural	sof_images/objects/buffaloskull.jpg	1	1	321	None	None	None	None	117	1250.6288	1251.129	1250.6288	1251.129	1250.1284	1250.128424	None	1250.6288	None	n/a	-99	1	--
99.94942561	3.1.2	sof_task	2020_Feb_03_0953	yes	set7	999	323	clipboard.jpg	objects	manmade	sof_images/objects/clipboard.jpg	1	1	322	None	None	None	None	114	1252.8302	1253.3306	1252.8302	1253.3306	1252.3298	1252.329881	None	1252.8302	None	n/a	-99	1	--
99.94942561	3.1.2	sof_task	2020_Feb_03_0953	yes	set7	999	324	balloon.jpg	objects	manmade	sof_images/objects/balloon.jpg	1	1	323	None	None	None	None	118	1254.9917	1255.4922	1254.9917	1255.4922	1254.4915	1254.491462	None	1254.9917	None	n/a	-99	1	--